{"version":"1.0.0","summaryCreationDateTime":"2024-11-14 20:01:21 -0800","workflow":{"nodes":[{"id":"151","name":"Excel Reader","type":"Source","state":"EXECUTED","graphDepth":0,"annotation":"Rapid Drawdown\r\nTime in days","factoryKey":{"className":"org.knime.ext.poi3.node.io.filehandling.excel.reader.ExcelTableReaderNodeFactory"},"settings":[{"key":"settings","type":"config","settings":[{"key":"sheet_selection","value":"FIRST","type":"xstring"},{"key":"sheet_name","value":"Sheet1","type":"xstring"},{"key":"sheet_index","value":"0","type":"xint"},{"key":"table_contains_column_names","value":"true","type":"xboolean"},{"key":"column_names_row_number","value":"1","type":"xlong"},{"key":"row_id","value":"GENERATE","type":"xstring"},{"key":"row_id_column","value":"A","type":"xstring"},{"key":"sheet_area","value":"ENTIRE","type":"xstring"},{"key":"read_from_column","value":"A","type":"xstring"},{"key":"read_to_column","value":"","type":"xstring"},{"key":"read_from_row","value":"1","type":"xstring"},{"key":"read_to_row","value":"","type":"xstring"},{"key":"empty_col_header_prefix","value":"empty_","type":"xstring"},{"key":"column_name_mode","value":"EXCEL_COL_NAME","type":"xstring"},{"key":"file_selection_Internals","type":"config","settings":[{"key":"SettingsModelID","value":"SMID_ReaderFileChooser","type":"xstring"},{"key":"EnabledStatus","value":"true","type":"xboolean"}]},{"key":"file_selection","type":"config","settings":[{"key":"file_system_chooser__Internals","type":"config","settings":[{"key":"has_fs_port","value":"false","type":"xboolean"},{"key":"overwritten_by_variable","value":"false","type":"xboolean"},{"key":"convenience_fs_category","value":"LOCAL","type":"xstring"},{"key":"relative_to","value":"knime.workflow.data","type":"xstring"},{"key":"mountpoint","value":"LOCAL","type":"xstring"},{"key":"spaceId","value":"","type":"xstring"},{"key":"spaceName","value":"","type":"xstring"},{"key":"custom_url_timeout","value":"1000","type":"xint"},{"key":"connected_fs","value":"true","type":"xboolean"}]},{"key":"path","type":"config","settings":[{"key":"location_present","value":"true","type":"xboolean"},{"key":"file_system_type","value":"LOCAL","type":"xstring"},{"key":"path","value":"E:\\DOCTORADO\\CAPITULO 3\\KNIME\\NUEVO OKOK\\Regresión lineal\\Con el tiempo como variable\\Datos nuevos para poner el tiempo como variable (días ajustados).xlsx","type":"xstring"}]},{"key":"filter_mode_Internals","type":"config","settings":[{"key":"SettingsModelID","value":"SMID_FilterMode","type":"xstring"},{"key":"EnabledStatus","value":"true","type":"xboolean"}]},{"key":"filter_mode","type":"config","settings":[{"key":"filter_mode","value":"FILE","type":"xstring"},{"key":"include_subfolders","value":"false","type":"xboolean"},{"key":"filter_options","type":"config","settings":[{"key":"filter_files_extension","value":"false","type":"xboolean"},{"key":"files_extension_expression","value":"","type":"xstring"},{"key":"files_extension_case_sensitive","value":"false","type":"xboolean"},{"key":"filter_files_name","value":"false","type":"xboolean"},{"key":"files_name_expression","value":"*","type":"xstring"},{"key":"files_name_case_sensitive","value":"false","type":"xboolean"},{"key":"files_name_filter_type","value":"WILDCARD","type":"xstring"},{"key":"include_hidden_files","value":"false","type":"xboolean"},{"key":"include_special_files","value":"true","type":"xboolean"},{"key":"filter_folders_name","value":"false","type":"xboolean"},{"key":"folders_name_expression","value":"*","type":"xstring"},{"key":"folders_name_case_sensitive","value":"false","type":"xboolean"},{"key":"folders_name_filter_type","value":"WILDCARD","type":"xstring"},{"key":"include_hidden_folders","value":"false","type":"xboolean"},{"key":"follow_links","value":"true","type":"xboolean"}]}]}]}]},{"key":"advanced_settings","type":"config","settings":[{"key":"fail_on_differing_specs","value":"true","type":"xboolean"},{"key":"append_path_column_Internals","value":"false","type":"xboolean"},{"key":"path_column_name_Internals","value":"Path","type":"xstring"},{"key":"skip_empty_cols","value":"false","type":"xboolean"},{"key":"skip_empty_rows","value":"true","type":"xboolean"},{"key":"limit_data_rows_scanned","value":"true","type":"xboolean"},{"key":"max_data_rows_scanned","value":"10000","type":"xlong"},{"key":"save_table_spec_config_Internals","value":"true","type":"xboolean"},{"key":"use_15_digits_precision","value":"true","type":"xboolean"},{"key":"skip_hidden_columns","value":"true","type":"xboolean"},{"key":"skip_hidden_rows","value":"true","type":"xboolean"},{"key":"replace_empty_strings_with_missings","value":"true","type":"xboolean"},{"key":"reevaluate_formulas","value":"false","type":"xboolean"},{"key":"formula_error_handling","value":"PATTERN","type":"xstring"},{"key":"formula_error_pattern","value":"#XL_EVAL_ERROR#","type":"xstring"}]},{"key":"encryption","type":"config","settings":[{"key":"password_Internals","type":"config","settings":[{"key":"SettingsModelID","value":"SMID_authentication","type":"xstring"},{"key":"EnabledStatus","value":"true","type":"xboolean"}]},{"key":"password","type":"config","settings":[{"key":"credentials","type":"xstring"},{"key":"username","value":"","type":"xstring"},{"key":"selectedType","value":"NONE","type":"xstring"}]}]}],"outputs":[{"index":0,"type":"flowvariable port"},{"index":1,"type":"table","tableSpec":{"columns":[{"name":"Altura de terraplén","type":"Number (integer)","index":0,"columnDomain":{"lowerBound":"15","upperBound":"40"},"columnProperties":[]},{"name":"Ancho de corona","type":"Number (integer)","index":1,"columnDomain":{"lowerBound":"4","upperBound":"6"},"columnProperties":[]},{"name":"Peso específico","type":"Number (double)","index":2,"columnDomain":{"lowerBound":"16.5823","upperBound":"19.3898"},"columnProperties":[]},{"name":"Cohesión","type":"Number (double)","index":3,"columnDomain":{"lowerBound":"13.8418","upperBound":"67.4528"},"columnProperties":[]},{"name":"Ángulo de fricción interna","type":"Number (double)","index":4,"columnDomain":{"lowerBound":"12.5548","upperBound":"29.4595"},"columnProperties":[]},{"name":"Pemeabilidad saturada","type":"Number (double)","index":5,"columnDomain":{"lowerBound":"4.28574E-8","upperBound":"7.74547E-6"},"columnProperties":[]},{"name":"Contenido volumétrico de agua","type":"Number (double)","index":6,"columnDomain":{"lowerBound":"0.378381604073838","upperBound":"0.553114568018197"},"columnProperties":[]},{"name":"Índice de compresibilidad volumétrica","type":"Number (double)","index":7,"columnDomain":{"lowerBound":"3.99675463523619E-5","upperBound":"1.89886998247343E-4"},"columnProperties":[]},{"name":"Diámetro efectivo para el 60%","type":"Number (double)","index":8,"columnDomain":{"lowerBound":"0.0075","upperBound":"0.25"},"columnProperties":[]},{"name":"Diámetro efectivo para el 10%","type":"Number (double)","index":9,"columnDomain":{"lowerBound":"0.0025","upperBound":"0.027"},"columnProperties":[]},{"name":"Límite líquido","type":"Number (double)","index":10,"columnDomain":{"lowerBound":"33.2495","upperBound":"72.0452"},"columnProperties":[]},{"name":"Velocidad","type":"Number (double)","index":11,"columnDomain":{"lowerBound":"0.1","upperBound":"0.3"},"columnProperties":[]},{"name":"Tiempo","type":"Number (integer)","index":12,"columnDomain":{"lowerBound":"0","upperBound":"350"},"columnProperties":[]},{"name":"FS","type":"Number (double)","index":13,"columnDomain":{"lowerBound":"0.11169939","upperBound":"5.6632962"},"columnProperties":[]}]},"successors":[{"id":"149","portIndex":1}]}]},{"id":"149","name":"Partitioning","type":"Manipulator","state":"EXECUTED","graphDepth":1,"annotation":"","factoryKey":{"className":"org.knime.base.node.preproc.partition.PartitionNodeFactory"},"settings":[{"key":"method","value":"Relative","type":"xstring"},{"key":"samplingMethod","value":"Random","type":"xstring"},{"key":"fraction","value":"0.7","type":"xdouble"},{"key":"count","value":"100","type":"xint"},{"key":"random_seed","type":"xstring"},{"key":"class_column","type":"xstring"}],"outputs":[{"index":0,"type":"flowvariable port"},{"index":1,"type":"table","tableSpec":{"columns":[{"name":"Altura de terraplén","type":"Number (integer)","index":0,"columnDomain":{"lowerBound":"15","upperBound":"40"},"columnProperties":[]},{"name":"Ancho de corona","type":"Number (integer)","index":1,"columnDomain":{"lowerBound":"4","upperBound":"6"},"columnProperties":[]},{"name":"Peso específico","type":"Number (double)","index":2,"columnDomain":{"lowerBound":"16.5823","upperBound":"19.3898"},"columnProperties":[]},{"name":"Cohesión","type":"Number (double)","index":3,"columnDomain":{"lowerBound":"13.8418","upperBound":"67.4528"},"columnProperties":[]},{"name":"Ángulo de fricción interna","type":"Number (double)","index":4,"columnDomain":{"lowerBound":"12.5548","upperBound":"29.4595"},"columnProperties":[]},{"name":"Pemeabilidad saturada","type":"Number (double)","index":5,"columnDomain":{"lowerBound":"4.28574E-8","upperBound":"7.74547E-6"},"columnProperties":[]},{"name":"Contenido volumétrico de agua","type":"Number (double)","index":6,"columnDomain":{"lowerBound":"0.378381604073838","upperBound":"0.553114568018197"},"columnProperties":[]},{"name":"Índice de compresibilidad volumétrica","type":"Number (double)","index":7,"columnDomain":{"lowerBound":"3.99675463523619E-5","upperBound":"1.89886998247343E-4"},"columnProperties":[]},{"name":"Diámetro efectivo para el 60%","type":"Number (double)","index":8,"columnDomain":{"lowerBound":"0.0075","upperBound":"0.25"},"columnProperties":[]},{"name":"Diámetro efectivo para el 10%","type":"Number (double)","index":9,"columnDomain":{"lowerBound":"0.0025","upperBound":"0.027"},"columnProperties":[]},{"name":"Límite líquido","type":"Number (double)","index":10,"columnDomain":{"lowerBound":"33.2495","upperBound":"72.0452"},"columnProperties":[]},{"name":"Velocidad","type":"Number (double)","index":11,"columnDomain":{"lowerBound":"0.1","upperBound":"0.3"},"columnProperties":[]},{"name":"Tiempo","type":"Number (integer)","index":12,"columnDomain":{"lowerBound":"0","upperBound":"350"},"columnProperties":[]},{"name":"FS","type":"Number (double)","index":13,"columnDomain":{"lowerBound":"0.11169939","upperBound":"5.6632962"},"columnProperties":[]}]},"successors":[{"id":"144","portIndex":1}]},{"index":2,"type":"table","tableSpec":{"columns":[{"name":"Altura de terraplén","type":"Number (integer)","index":0,"columnDomain":{"lowerBound":"15","upperBound":"40"},"columnProperties":[]},{"name":"Ancho de corona","type":"Number (integer)","index":1,"columnDomain":{"lowerBound":"4","upperBound":"6"},"columnProperties":[]},{"name":"Peso específico","type":"Number (double)","index":2,"columnDomain":{"lowerBound":"16.5823","upperBound":"19.3898"},"columnProperties":[]},{"name":"Cohesión","type":"Number (double)","index":3,"columnDomain":{"lowerBound":"13.8418","upperBound":"67.4528"},"columnProperties":[]},{"name":"Ángulo de fricción interna","type":"Number (double)","index":4,"columnDomain":{"lowerBound":"12.5548","upperBound":"29.4595"},"columnProperties":[]},{"name":"Pemeabilidad saturada","type":"Number (double)","index":5,"columnDomain":{"lowerBound":"4.28574E-8","upperBound":"7.74547E-6"},"columnProperties":[]},{"name":"Contenido volumétrico de agua","type":"Number (double)","index":6,"columnDomain":{"lowerBound":"0.378381604073838","upperBound":"0.553114568018197"},"columnProperties":[]},{"name":"Índice de compresibilidad volumétrica","type":"Number (double)","index":7,"columnDomain":{"lowerBound":"3.99675463523619E-5","upperBound":"1.89886998247343E-4"},"columnProperties":[]},{"name":"Diámetro efectivo para el 60%","type":"Number (double)","index":8,"columnDomain":{"lowerBound":"0.0075","upperBound":"0.25"},"columnProperties":[]},{"name":"Diámetro efectivo para el 10%","type":"Number (double)","index":9,"columnDomain":{"lowerBound":"0.0025","upperBound":"0.027"},"columnProperties":[]},{"name":"Límite líquido","type":"Number (double)","index":10,"columnDomain":{"lowerBound":"33.2495","upperBound":"72.0452"},"columnProperties":[]},{"name":"Velocidad","type":"Number (double)","index":11,"columnDomain":{"lowerBound":"0.1","upperBound":"0.3"},"columnProperties":[]},{"name":"Tiempo","type":"Number (integer)","index":12,"columnDomain":{"lowerBound":"0","upperBound":"350"},"columnProperties":[]},{"name":"FS","type":"Number (double)","index":13,"columnDomain":{"lowerBound":"0.11169939","upperBound":"5.6632962"},"columnProperties":[]}]},"successors":[{"id":"142","portIndex":2}]}]},{"id":"144","name":"Normalizer","type":"Manipulator","state":"EXECUTED","graphDepth":2,"annotation":"","factoryKey":{"className":"org.knime.base.node.preproc.normalize3.Normalizer3NodeFactory"},"settings":[{"key":"mode","value":"MINMAX","type":"xstring"},{"key":"new-min","value":"0.0","type":"xdouble"},{"key":"new-max","value":"1.0","type":"xdouble"},{"key":"data-column-filter","type":"config","settings":[{"key":"filter-type","value":"STANDARD","type":"xstring"},{"key":"included_names","type":"config","settings":[{"key":"array-size","value":"1","type":"xint"},{"key":"0","value":"FS","type":"xstring"}]},{"key":"excluded_names","type":"config","settings":[{"key":"array-size","value":"13","type":"xint"},{"key":"0","value":"Altura de terraplén","type":"xstring"},{"key":"1","value":"Ancho de corona","type":"xstring"},{"key":"2","value":"Peso específico","type":"xstring"},{"key":"3","value":"Cohesión","type":"xstring"},{"key":"4","value":"Ángulo de fricción interna","type":"xstring"},{"key":"5","value":"Pemeabilidad saturada","type":"xstring"},{"key":"6","value":"Contenido volumétrico de agua","type":"xstring"},{"key":"7","value":"Índice de compresibilidad volumétrica","type":"xstring"},{"key":"8","value":"Diámetro efectivo para el 60%","type":"xstring"},{"key":"9","value":"Diámetro efectivo para el 10%","type":"xstring"},{"key":"10","value":"Límite líquido","type":"xstring"},{"key":"11","value":"Velocidad","type":"xstring"},{"key":"12","value":"Tiempo","type":"xstring"}]},{"key":"enforce_option","value":"EnforceInclusion","type":"xstring"},{"key":"name_pattern","type":"config","settings":[{"key":"pattern","value":"","type":"xstring"},{"key":"type","value":"Wildcard","type":"xstring"},{"key":"caseSensitive","value":"true","type":"xboolean"},{"key":"excludeMatching","value":"false","type":"xboolean"}]},{"key":"datatype","type":"config","settings":[{"key":"typelist","type":"config","settings":[{"key":"org.knime.core.data.IntValue","value":"false","type":"xboolean"},{"key":"org.knime.core.data.DoubleValue","value":"false","type":"xboolean"}]}]}]}],"outputs":[{"index":0,"type":"flowvariable port"},{"index":1,"type":"table","tableSpec":{"columns":[{"name":"Altura de terraplén","type":"Number (integer)","index":0,"columnDomain":{"lowerBound":"15","upperBound":"40"},"columnProperties":[]},{"name":"Ancho de corona","type":"Number (integer)","index":1,"columnDomain":{"lowerBound":"4","upperBound":"6"},"columnProperties":[]},{"name":"Peso específico","type":"Number (double)","index":2,"columnDomain":{"lowerBound":"16.5823","upperBound":"19.3898"},"columnProperties":[]},{"name":"Cohesión","type":"Number (double)","index":3,"columnDomain":{"lowerBound":"13.8418","upperBound":"67.4528"},"columnProperties":[]},{"name":"Ángulo de fricción interna","type":"Number (double)","index":4,"columnDomain":{"lowerBound":"12.5548","upperBound":"29.4595"},"columnProperties":[]},{"name":"Pemeabilidad saturada","type":"Number (double)","index":5,"columnDomain":{"lowerBound":"4.28574E-8","upperBound":"7.74547E-6"},"columnProperties":[]},{"name":"Contenido volumétrico de agua","type":"Number (double)","index":6,"columnDomain":{"lowerBound":"0.378381604073838","upperBound":"0.553114568018197"},"columnProperties":[]},{"name":"Índice de compresibilidad volumétrica","type":"Number (double)","index":7,"columnDomain":{"lowerBound":"3.99675463523619E-5","upperBound":"1.89886998247343E-4"},"columnProperties":[]},{"name":"Diámetro efectivo para el 60%","type":"Number (double)","index":8,"columnDomain":{"lowerBound":"0.0075","upperBound":"0.25"},"columnProperties":[]},{"name":"Diámetro efectivo para el 10%","type":"Number (double)","index":9,"columnDomain":{"lowerBound":"0.0025","upperBound":"0.027"},"columnProperties":[]},{"name":"Límite líquido","type":"Number (double)","index":10,"columnDomain":{"lowerBound":"33.2495","upperBound":"72.0452"},"columnProperties":[]},{"name":"Velocidad","type":"Number (double)","index":11,"columnDomain":{"lowerBound":"0.1","upperBound":"0.3"},"columnProperties":[]},{"name":"Tiempo","type":"Number (integer)","index":12,"columnDomain":{"lowerBound":"0","upperBound":"350"},"columnProperties":[]},{"name":"FS","type":"Number (double)","index":13,"columnDomain":{"lowerBound":"0.0","upperBound":"1.0"},"columnProperties":[]}]},"successors":[{"id":"150","portIndex":1}]},{"index":2,"type":"PortType(DataTableSpec,NormalizerPortObject)","tableSpec":{"columns":[{"name":"FS","type":"Number (double)","index":0,"columnDomain":{"lowerBound":"0.11169939","upperBound":"5.6632962"},"columnProperties":[]}]},"successors":[{"id":"145","portIndex":1}]}]},{"id":"150","name":"RProp MLP Learner","type":"Learner","state":"EXECUTED","graphDepth":3,"annotation":"","factoryKey":{"className":"org.knime.base.node.mine.neural.rprop.RPropNodeFactory2"},"settings":[{"key":"maxiter_Internals","type":"config","settings":[{"key":"SettingsModelID","value":"SMID_integer","type":"xstring"},{"key":"EnabledStatus","value":"true","type":"xboolean"}]},{"key":"maxiter","value":"10000","type":"xint"},{"key":"hiddenlayer_Internals","type":"config","settings":[{"key":"SettingsModelID","value":"SMID_integer","type":"xstring"},{"key":"EnabledStatus","value":"true","type":"xboolean"}]},{"key":"hiddenlayer","value":"2","type":"xint"},{"key":"nrhiddenneurons_Internals","type":"config","settings":[{"key":"SettingsModelID","value":"SMID_integer","type":"xstring"},{"key":"EnabledStatus","value":"true","type":"xboolean"}]},{"key":"nrhiddenneurons","value":"10","type":"xint"},{"key":"classcol_Internals","type":"config","settings":[{"key":"SettingsModelID","value":"SMID_string","type":"xstring"},{"key":"EnabledStatus","value":"true","type":"xboolean"}]},{"key":"classcol","value":"FS","type":"xstring"},{"key":"ignoremv_Internals","type":"config","settings":[{"key":"SettingsModelID","value":"SMID_boolean","type":"xstring"},{"key":"EnabledStatus","value":"true","type":"xboolean"}]},{"key":"ignoremv","value":"false","type":"xboolean"},{"key":"useRandomSeed_Internals","type":"config","settings":[{"key":"SettingsModelID","value":"SMID_boolean","type":"xstring"},{"key":"EnabledStatus","value":"true","type":"xboolean"}]},{"key":"useRandomSeed","value":"false","type":"xboolean"},{"key":"randomSeed_Internals","type":"config","settings":[{"key":"SettingsModelID","value":"SMID_integer","type":"xstring"},{"key":"EnabledStatus","value":"false","type":"xboolean"}]},{"key":"randomSeed","value":"1278460233","type":"xint"}],"outputs":[{"index":0,"type":"flowvariable port"},{"index":1,"type":"PortType(PMMLPortObjectSpec,PMMLPortObject)","successors":[{"id":"142","portIndex":1}]}]},{"id":"142","name":"MultiLayerPerceptron Predictor","type":"Predictor","state":"EXECUTED","graphDepth":4,"annotation":"","factoryKey":{"className":"org.knime.base.node.mine.neural.mlp2.MLPPredictorNodeFactory"},"settings":[{"key":"prediction column name_Internals","type":"config","settings":[{"key":"SettingsModelID","value":"SMID_string","type":"xstring"},{"key":"EnabledStatus","value":"false","type":"xboolean"}]},{"key":"prediction column name","value":"Prediction (FS inicial)","type":"xstring"},{"key":"change prediction_Internals","type":"config","settings":[{"key":"SettingsModelID","value":"SMID_boolean","type":"xstring"},{"key":"EnabledStatus","value":"true","type":"xboolean"}]},{"key":"change prediction","value":"false","type":"xboolean"},{"key":"append probabilities_Internals","type":"config","settings":[{"key":"SettingsModelID","value":"SMID_boolean","type":"xstring"},{"key":"EnabledStatus","value":"true","type":"xboolean"}]},{"key":"append probabilities","value":"false","type":"xboolean"},{"key":"class probability suffix_Internals","type":"config","settings":[{"key":"SettingsModelID","value":"SMID_string","type":"xstring"},{"key":"EnabledStatus","value":"false","type":"xboolean"}]},{"key":"class probability suffix","value":"","type":"xstring"}],"outputs":[{"index":0,"type":"flowvariable port"},{"index":1,"type":"table","tableSpec":{"columns":[{"name":"Altura de terraplén","type":"Number (integer)","index":0,"columnDomain":{"lowerBound":"15","upperBound":"40"},"columnProperties":[]},{"name":"Ancho de corona","type":"Number (integer)","index":1,"columnDomain":{"lowerBound":"4","upperBound":"6"},"columnProperties":[]},{"name":"Peso específico","type":"Number (double)","index":2,"columnDomain":{"lowerBound":"16.5823","upperBound":"19.3898"},"columnProperties":[]},{"name":"Cohesión","type":"Number (double)","index":3,"columnDomain":{"lowerBound":"13.8418","upperBound":"67.4528"},"columnProperties":[]},{"name":"Ángulo de fricción interna","type":"Number (double)","index":4,"columnDomain":{"lowerBound":"12.5548","upperBound":"29.4595"},"columnProperties":[]},{"name":"Pemeabilidad saturada","type":"Number (double)","index":5,"columnDomain":{"lowerBound":"4.28574E-8","upperBound":"7.74547E-6"},"columnProperties":[]},{"name":"Contenido volumétrico de agua","type":"Number (double)","index":6,"columnDomain":{"lowerBound":"0.378381604073838","upperBound":"0.553114568018197"},"columnProperties":[]},{"name":"Índice de compresibilidad volumétrica","type":"Number (double)","index":7,"columnDomain":{"lowerBound":"3.99675463523619E-5","upperBound":"1.89886998247343E-4"},"columnProperties":[]},{"name":"Diámetro efectivo para el 60%","type":"Number (double)","index":8,"columnDomain":{"lowerBound":"0.0075","upperBound":"0.25"},"columnProperties":[]},{"name":"Diámetro efectivo para el 10%","type":"Number (double)","index":9,"columnDomain":{"lowerBound":"0.0025","upperBound":"0.027"},"columnProperties":[]},{"name":"Límite líquido","type":"Number (double)","index":10,"columnDomain":{"lowerBound":"33.2495","upperBound":"72.0452"},"columnProperties":[]},{"name":"Velocidad","type":"Number (double)","index":11,"columnDomain":{"lowerBound":"0.1","upperBound":"0.3"},"columnProperties":[]},{"name":"Tiempo","type":"Number (integer)","index":12,"columnDomain":{"lowerBound":"0","upperBound":"350"},"columnProperties":[]},{"name":"FS","type":"Number (double)","index":13,"columnDomain":{"lowerBound":"0.11169939","upperBound":"5.6632962"},"columnProperties":[]},{"name":"Prediction (FS)","type":"Number (double)","index":14,"columnDomain":{"lowerBound":"0.13143750271759297","upperBound":"0.942594036560275"},"columnProperties":[]}]},"successors":[{"id":"143","portIndex":1},{"id":"147","portIndex":1}]}]},{"id":"143","name":"Column Filter","type":"Manipulator","state":"EXECUTED","graphDepth":5,"annotation":"","factoryKey":{"className":"org.knime.base.node.preproc.filter.column.DataColumnSpecFilterNodeFactory"},"settings":[{"key":"column-filter","type":"config","settings":[{"key":"filter-type","value":"STANDARD","type":"xstring"},{"key":"included_names","type":"config","settings":[{"key":"array-size","value":"1","type":"xint"},{"key":"0","value":"Prediction (FS)","type":"xstring"}]},{"key":"excluded_names","type":"config","settings":[{"key":"array-size","value":"16","type":"xint"},{"key":"0","value":"Altura de terraplén","type":"xstring"},{"key":"1","value":"Ancho de corona","type":"xstring"},{"key":"2","value":"Peso específico","type":"xstring"},{"key":"3","value":"Cohesión","type":"xstring"},{"key":"4","value":"Ángulo de fricción interna","type":"xstring"},{"key":"5","value":"Pemeabilidad saturada","type":"xstring"},{"key":"6","value":"Contenido volumétrico de agua","type":"xstring"},{"key":"7","value":"Índice de compresibilidad volumétrica","type":"xstring"},{"key":"8","value":"Diámetro efectivo para el 60%","type":"xstring"},{"key":"9","value":"Diámetro efectivo para el 10%","type":"xstring"},{"key":"10","value":"Límite líquido","type":"xstring"},{"key":"11","value":"Velocidad","type":"xstring"},{"key":"12","value":"Tiempo","type":"xstring"},{"key":"13","value":"FS","type":"xstring"},{"key":"14","value":"Altura de cortina","type":"xstring"},{"key":"15","value":"FS inicial","type":"xstring"}]},{"key":"enforce_option","value":"EnforceExclusion","type":"xstring"},{"key":"name_pattern","type":"config","settings":[{"key":"pattern","value":"","type":"xstring"},{"key":"type","value":"Wildcard","type":"xstring"},{"key":"caseSensitive","value":"true","type":"xboolean"},{"key":"excludeMatching","value":"false","type":"xboolean"}]},{"key":"datatype","type":"config","settings":[{"key":"typelist","type":"config","settings":[{"key":"org.knime.core.data.IntValue","value":"false","type":"xboolean"},{"key":"org.knime.core.data.DoubleValue","value":"false","type":"xboolean"},{"key":"org.knime.core.data.BooleanValue","value":"false","type":"xboolean"},{"key":"org.knime.core.data.LongValue","value":"false","type":"xboolean"},{"key":"org.knime.core.data.StringValue","value":"false","type":"xboolean"},{"key":"org.knime.core.data.date.DateAndTimeValue","value":"false","type":"xboolean"}]}]}]}],"outputs":[{"index":0,"type":"flowvariable port"},{"index":1,"type":"table","tableSpec":{"columns":[{"name":"Prediction (FS)","type":"Number (double)","index":0,"columnDomain":{"lowerBound":"0.13143750271759297","upperBound":"0.942594036560275"},"columnProperties":[]}]},"successors":[{"id":"146","portIndex":1}]}]},{"id":"146","name":"Column Rename","type":"Manipulator","state":"EXECUTED","graphDepth":6,"annotation":"","factoryKey":{"className":"org.knime.base.node.preproc.rename.RenameNodeFactory"},"settings":[{"key":"all_columns","type":"config","settings":[{"key":"0","type":"config","settings":[{"key":"old_column_name","value":"Prediction (FS)","type":"xstring"},{"key":"new_column_name","value":"FS","type":"xstring"},{"key":"new_column_type","value":"0","type":"xint"}]}]}],"outputs":[{"index":0,"type":"flowvariable port"},{"index":1,"type":"table","tableSpec":{"columns":[{"name":"FS","type":"Number (double)","index":0,"columnDomain":{"lowerBound":"0.13143750271759297","upperBound":"0.942594036560275"},"columnProperties":[]}]},"successors":[{"id":"145","portIndex":2}]}]},{"id":"145","name":"Denormalizer","type":"Manipulator","state":"EXECUTED","graphDepth":7,"annotation":"","factoryKey":{"className":"org.knime.base.node.preproc.normalize.NormalizerDeNodeFactory"},"settings":[],"outputs":[{"index":0,"type":"flowvariable port"},{"index":1,"type":"table","tableSpec":{"columns":[{"name":"FS","type":"Number (double)","index":0,"columnDomain":{"lowerBound":"0.8417955048907035","upperBound":"5.344628408684968"},"columnProperties":[]}]},"successors":[{"id":"147","portIndex":2}]}]},{"id":"147","name":"Joiner","type":"Manipulator","state":"EXECUTED","graphDepth":8,"annotation":"","factoryKey":{"className":"org.knime.base.node.preproc.joiner3.Joiner3NodeFactory"},"settings":[{"key":"includeMatchesInOutput_Internals","type":"config","settings":[{"key":"SettingsModelID","value":"SMID_boolean","type":"xstring"},{"key":"EnabledStatus","value":"true","type":"xboolean"}]},{"key":"includeMatchesInOutput","value":"true","type":"xboolean"},{"key":"includeLeftUnmatchedInOutput_Internals","type":"config","settings":[{"key":"SettingsModelID","value":"SMID_boolean","type":"xstring"},{"key":"EnabledStatus","value":"true","type":"xboolean"}]},{"key":"includeLeftUnmatchedInOutput","value":"true","type":"xboolean"},{"key":"includeRightUnmatchedInOutput_Internals","type":"config","settings":[{"key":"SettingsModelID","value":"SMID_boolean","type":"xstring"},{"key":"EnabledStatus","value":"true","type":"xboolean"}]},{"key":"includeRightUnmatchedInOutput","value":"true","type":"xboolean"},{"key":"leftTableJoinPredicate_Internals","type":"config","settings":[{"key":"SettingsModelID","value":"SMID_stringarray","type":"xstring"},{"key":"EnabledStatus","value":"true","type":"xboolean"}]},{"key":"leftTableJoinPredicate","type":"config","settings":[{"key":"array-size","value":"1","type":"xint"},{"key":"0","value":"$RowID$","type":"xstring"}]},{"key":"rightTableJoinPredicate_Internals","type":"config","settings":[{"key":"SettingsModelID","value":"SMID_stringarray","type":"xstring"},{"key":"EnabledStatus","value":"true","type":"xboolean"}]},{"key":"rightTableJoinPredicate","type":"config","settings":[{"key":"array-size","value":"1","type":"xint"},{"key":"0","value":"$RowID$","type":"xstring"}]},{"key":"compositionMode_Internals","type":"config","settings":[{"key":"SettingsModelID","value":"SMID_string","type":"xstring"},{"key":"EnabledStatus","value":"true","type":"xboolean"}]},{"key":"compositionMode","value":"MATCH_ALL","type":"xstring"},{"key":"mergeJoinColumns_Internals","type":"config","settings":[{"key":"SettingsModelID","value":"SMID_boolean","type":"xstring"},{"key":"EnabledStatus","value":"true","type":"xboolean"}]},{"key":"mergeJoinColumns","value":"false","type":"xboolean"},{"key":"dataCellComparisonMode_Internals","type":"config","settings":[{"key":"SettingsModelID","value":"SMID_string","type":"xstring"},{"key":"EnabledStatus","value":"true","type":"xboolean"}]},{"key":"dataCellComparisonMode","value":"STRICT","type":"xstring"},{"key":"outputUnmatchedRowsToSeparatePorts_Internals","type":"config","settings":[{"key":"SettingsModelID","value":"SMID_boolean","type":"xstring"},{"key":"EnabledStatus","value":"true","type":"xboolean"}]},{"key":"outputUnmatchedRowsToSeparatePorts","value":"true","type":"xboolean"},{"key":"rowKeyFactory_Internals","type":"config","settings":[{"key":"SettingsModelID","value":"SMID_string","type":"xstring"},{"key":"EnabledStatus","value":"true","type":"xboolean"}]},{"key":"rowKeyFactory","value":"CONCATENATE","type":"xstring"},{"key":"rowKeySeparator_Internals","type":"config","settings":[{"key":"SettingsModelID","value":"SMID_string","type":"xstring"},{"key":"EnabledStatus","value":"true","type":"xboolean"}]},{"key":"rowKeySeparator","value":"_","type":"xstring"},{"key":"duplicateHandling_Internals","type":"config","settings":[{"key":"SettingsModelID","value":"SMID_string","type":"xstring"},{"key":"EnabledStatus","value":"true","type":"xboolean"}]},{"key":"duplicateHandling","value":"APPEND_SUFFIX","type":"xstring"},{"key":"suffix_Internals","type":"config","settings":[{"key":"SettingsModelID","value":"SMID_string","type":"xstring"},{"key":"EnabledStatus","value":"true","type":"xboolean"}]},{"key":"suffix","value":" (right)","type":"xstring"},{"key":"outputRowOrder_Internals","type":"config","settings":[{"key":"SettingsModelID","value":"SMID_string","type":"xstring"},{"key":"EnabledStatus","value":"true","type":"xboolean"}]},{"key":"outputRowOrder","value":"ARBITRARY","type":"xstring"},{"key":"maxOpenFiles_Internals","type":"config","settings":[{"key":"SettingsModelID","value":"SMID_integer","type":"xstring"},{"key":"EnabledStatus","value":"true","type":"xboolean"}]},{"key":"maxOpenFiles","value":"200","type":"xint"},{"key":"enableHiliting_Internals","type":"config","settings":[{"key":"SettingsModelID","value":"SMID_boolean","type":"xstring"},{"key":"EnabledStatus","value":"true","type":"xboolean"}]},{"key":"enableHiliting","value":"false","type":"xboolean"},{"key":"leftColumnSelectionConfig","type":"config","settings":[{"key":"filter-type","value":"STANDARD","type":"xstring"},{"key":"included_names","type":"config","settings":[{"key":"array-size","value":"14","type":"xint"},{"key":"0","value":"Altura de terraplén","type":"xstring"},{"key":"1","value":"Ancho de corona","type":"xstring"},{"key":"2","value":"Peso específico","type":"xstring"},{"key":"3","value":"Cohesión","type":"xstring"},{"key":"4","value":"Ángulo de fricción interna","type":"xstring"},{"key":"5","value":"Pemeabilidad saturada","type":"xstring"},{"key":"6","value":"Contenido volumétrico de agua","type":"xstring"},{"key":"7","value":"Índice de compresibilidad volumétrica","type":"xstring"},{"key":"8","value":"Diámetro efectivo para el 60%","type":"xstring"},{"key":"9","value":"Diámetro efectivo para el 10%","type":"xstring"},{"key":"10","value":"Límite líquido","type":"xstring"},{"key":"11","value":"Velocidad","type":"xstring"},{"key":"12","value":"Tiempo","type":"xstring"},{"key":"13","value":"FS","type":"xstring"}]},{"key":"excluded_names","type":"config","settings":[{"key":"array-size","value":"2","type":"xint"},{"key":"0","value":"Prediction (FS)","type":"xstring"},{"key":"1","value":"Prediction (FS inicial)","type":"xstring"}]},{"key":"enforce_option","value":"EnforceExclusion","type":"xstring"},{"key":"name_pattern","type":"config","settings":[{"key":"pattern","value":"","type":"xstring"},{"key":"type","value":"Wildcard","type":"xstring"},{"key":"caseSensitive","value":"true","type":"xboolean"},{"key":"excludeMatching","value":"false","type":"xboolean"}]},{"key":"datatype","type":"config","settings":[{"key":"typelist","type":"config","settings":[{"key":"org.knime.core.data.IntValue","value":"false","type":"xboolean"},{"key":"org.knime.core.data.DoubleValue","value":"false","type":"xboolean"},{"key":"org.knime.core.data.BooleanValue","value":"false","type":"xboolean"},{"key":"org.knime.core.data.LongValue","value":"false","type":"xboolean"},{"key":"org.knime.core.data.StringValue","value":"false","type":"xboolean"},{"key":"org.knime.core.data.date.DateAndTimeValue","value":"false","type":"xboolean"}]}]}]},{"key":"rightColumnSelectionConfig","type":"config","settings":[{"key":"filter-type","value":"STANDARD","type":"xstring"},{"key":"included_names","type":"config","settings":[{"key":"array-size","value":"1","type":"xint"},{"key":"0","value":"FS","type":"xstring"}]},{"key":"excluded_names","type":"config","settings":[{"key":"array-size","value":"0","type":"xint"}]},{"key":"enforce_option","value":"EnforceExclusion","type":"xstring"},{"key":"name_pattern","type":"config","settings":[{"key":"pattern","value":"","type":"xstring"},{"key":"type","value":"Wildcard","type":"xstring"},{"key":"caseSensitive","value":"true","type":"xboolean"},{"key":"excludeMatching","value":"false","type":"xboolean"}]},{"key":"datatype","type":"config","settings":[{"key":"typelist","type":"config","settings":[{"key":"org.knime.core.data.DoubleValue","value":"false","type":"xboolean"},{"key":"org.knime.core.data.BooleanValue","value":"false","type":"xboolean"},{"key":"org.knime.core.data.IntValue","value":"false","type":"xboolean"},{"key":"org.knime.core.data.LongValue","value":"false","type":"xboolean"},{"key":"org.knime.core.data.StringValue","value":"false","type":"xboolean"},{"key":"org.knime.core.data.date.DateAndTimeValue","value":"false","type":"xboolean"}]}]}]}],"outputs":[{"index":0,"type":"flowvariable port"},{"index":1,"type":"table","tableSpec":{"columns":[{"name":"Altura de terraplén","type":"Number (integer)","index":0,"columnDomain":{"lowerBound":"15","upperBound":"40"},"columnProperties":[]},{"name":"Ancho de corona","type":"Number (integer)","index":1,"columnDomain":{"lowerBound":"4","upperBound":"6"},"columnProperties":[]},{"name":"Peso específico","type":"Number (double)","index":2,"columnDomain":{"lowerBound":"16.5823","upperBound":"19.3898"},"columnProperties":[]},{"name":"Cohesión","type":"Number (double)","index":3,"columnDomain":{"lowerBound":"13.8418","upperBound":"67.4528"},"columnProperties":[]},{"name":"Ángulo de fricción interna","type":"Number (double)","index":4,"columnDomain":{"lowerBound":"12.5548","upperBound":"29.4595"},"columnProperties":[]},{"name":"Pemeabilidad saturada","type":"Number (double)","index":5,"columnDomain":{"lowerBound":"4.28574E-8","upperBound":"7.74547E-6"},"columnProperties":[]},{"name":"Contenido volumétrico de agua","type":"Number (double)","index":6,"columnDomain":{"lowerBound":"0.378381604073838","upperBound":"0.553114568018197"},"columnProperties":[]},{"name":"Índice de compresibilidad volumétrica","type":"Number (double)","index":7,"columnDomain":{"lowerBound":"3.99675463523619E-5","upperBound":"1.89886998247343E-4"},"columnProperties":[]},{"name":"Diámetro efectivo para el 60%","type":"Number (double)","index":8,"columnDomain":{"lowerBound":"0.0075","upperBound":"0.25"},"columnProperties":[]},{"name":"Diámetro efectivo para el 10%","type":"Number (double)","index":9,"columnDomain":{"lowerBound":"0.0025","upperBound":"0.027"},"columnProperties":[]},{"name":"Límite líquido","type":"Number (double)","index":10,"columnDomain":{"lowerBound":"33.2495","upperBound":"72.0452"},"columnProperties":[]},{"name":"Velocidad","type":"Number (double)","index":11,"columnDomain":{"lowerBound":"0.1","upperBound":"0.3"},"columnProperties":[]},{"name":"Tiempo","type":"Number (integer)","index":12,"columnDomain":{"lowerBound":"0","upperBound":"350"},"columnProperties":[]},{"name":"FS","type":"Number (double)","index":13,"columnDomain":{"lowerBound":"0.11169939","upperBound":"5.6632962"},"columnProperties":[]},{"name":"FS (right)","type":"Number (double)","index":14,"columnDomain":{"lowerBound":"0.8417955048907035","upperBound":"5.344628408684968"},"columnProperties":[]}]},"successors":[{"id":"148","portIndex":1},{"id":"152","portIndex":1}]},{"index":2,"type":"table","tableSpec":{"columns":[{"name":"Altura de terraplén","type":"Number (integer)","index":0,"columnDomain":{"lowerBound":"15","upperBound":"40"},"columnProperties":[]},{"name":"Ancho de corona","type":"Number (integer)","index":1,"columnDomain":{"lowerBound":"4","upperBound":"6"},"columnProperties":[]},{"name":"Peso específico","type":"Number (double)","index":2,"columnDomain":{"lowerBound":"16.5823","upperBound":"19.3898"},"columnProperties":[]},{"name":"Cohesión","type":"Number (double)","index":3,"columnDomain":{"lowerBound":"13.8418","upperBound":"67.4528"},"columnProperties":[]},{"name":"Ángulo de fricción interna","type":"Number (double)","index":4,"columnDomain":{"lowerBound":"12.5548","upperBound":"29.4595"},"columnProperties":[]},{"name":"Pemeabilidad saturada","type":"Number (double)","index":5,"columnDomain":{"lowerBound":"4.28574E-8","upperBound":"7.74547E-6"},"columnProperties":[]},{"name":"Contenido volumétrico de agua","type":"Number (double)","index":6,"columnDomain":{"lowerBound":"0.378381604073838","upperBound":"0.553114568018197"},"columnProperties":[]},{"name":"Índice de compresibilidad volumétrica","type":"Number (double)","index":7,"columnDomain":{"lowerBound":"3.99675463523619E-5","upperBound":"1.89886998247343E-4"},"columnProperties":[]},{"name":"Diámetro efectivo para el 60%","type":"Number (double)","index":8,"columnDomain":{"lowerBound":"0.0075","upperBound":"0.25"},"columnProperties":[]},{"name":"Diámetro efectivo para el 10%","type":"Number (double)","index":9,"columnDomain":{"lowerBound":"0.0025","upperBound":"0.027"},"columnProperties":[]},{"name":"Límite líquido","type":"Number (double)","index":10,"columnDomain":{"lowerBound":"33.2495","upperBound":"72.0452"},"columnProperties":[]},{"name":"Velocidad","type":"Number (double)","index":11,"columnDomain":{"lowerBound":"0.1","upperBound":"0.3"},"columnProperties":[]},{"name":"Tiempo","type":"Number (integer)","index":12,"columnDomain":{"lowerBound":"0","upperBound":"350"},"columnProperties":[]},{"name":"FS","type":"Number (double)","index":13,"columnDomain":{"lowerBound":"0.11169939","upperBound":"5.6632962"},"columnProperties":[]}]}},{"index":3,"type":"table","tableSpec":{"columns":[{"name":"FS","type":"Number (double)","index":0,"columnDomain":{"lowerBound":"0.8417955048907035","upperBound":"5.344628408684968"},"columnProperties":[]}]}}]},{"id":"148","name":"Excel Writer","type":"Sink","state":"EXECUTED","graphDepth":9,"annotation":"","factoryKey":{"className":"org.knime.ext.poi3.node.io.filehandling.excel.writer.ExcelTableWriterNodeFactory"},"settings":[{"key":"excel_format_Internals","type":"config","settings":[{"key":"SettingsModelID","value":"SMID_string","type":"xstring"},{"key":"EnabledStatus","value":"true","type":"xboolean"}]},{"key":"excel_format","value":"XLSX","type":"xstring"},{"key":"file_selection_Internals","type":"config","settings":[{"key":"SettingsModelID","value":"SMID_WriterFileChooser","type":"xstring"},{"key":"EnabledStatus","value":"true","type":"xboolean"}]},{"key":"file_selection","type":"config","settings":[{"key":"file_system_chooser__Internals","type":"config","settings":[{"key":"has_fs_port","value":"false","type":"xboolean"},{"key":"overwritten_by_variable","value":"false","type":"xboolean"},{"key":"convenience_fs_category","value":"LOCAL","type":"xstring"},{"key":"relative_to","value":"knime.workflow.data","type":"xstring"},{"key":"mountpoint","value":"LOCAL","type":"xstring"},{"key":"spaceId","value":"","type":"xstring"},{"key":"spaceName","value":"","type":"xstring"},{"key":"custom_url_timeout","value":"1000","type":"xint"},{"key":"connected_fs","value":"true","type":"xboolean"}]},{"key":"path","type":"config","settings":[{"key":"location_present","value":"true","type":"xboolean"},{"key":"file_system_type","value":"LOCAL","type":"xstring"},{"key":"path","value":"E:\\DOCTORADO\\CAPITULO 3\\KNIME\\NUEVO OKOK\\RNA\\Tiempo como variable\\Tiempo en días.xlsx","type":"xstring"}]},{"key":"filter_mode_Internals","type":"config","settings":[{"key":"SettingsModelID","value":"SMID_FilterMode","type":"xstring"},{"key":"EnabledStatus","value":"true","type":"xboolean"}]},{"key":"create_missing_folders","value":"false","type":"xboolean"},{"key":"if_path_exists","value":"overwrite","type":"xstring"}]},{"key":"sheet_names","type":"config","settings":[{"key":"array-size","value":"1","type":"xint"},{"key":"0","value":"default_1","type":"xstring"}]},{"key":"if_sheet_exists_Internals","type":"config","settings":[{"key":"SettingsModelID","value":"SMID_string","type":"xstring"},{"key":"EnabledStatus","value":"false","type":"xboolean"}]},{"key":"if_sheet_exists","value":"FAIL","type":"xstring"},{"key":"write_row_key_Internals","type":"config","settings":[{"key":"SettingsModelID","value":"SMID_boolean","type":"xstring"},{"key":"EnabledStatus","value":"true","type":"xboolean"}]},{"key":"write_row_key","value":"false","type":"xboolean"},{"key":"write_column_header_Internals","type":"config","settings":[{"key":"SettingsModelID","value":"SMID_boolean","type":"xstring"},{"key":"EnabledStatus","value":"true","type":"xboolean"}]},{"key":"write_column_header","value":"true","type":"xboolean"},{"key":"skip_column_header_on_append_Internals","type":"config","settings":[{"key":"SettingsModelID","value":"SMID_boolean","type":"xstring"},{"key":"EnabledStatus","value":"true","type":"xboolean"}]},{"key":"skip_column_header_on_append","value":"true","type":"xboolean"},{"key":"replace_missings_Internals","type":"config","settings":[{"key":"SettingsModelID","value":"SMID_boolean","type":"xstring"},{"key":"EnabledStatus","value":"true","type":"xboolean"}]},{"key":"replace_missings","value":"false","type":"xboolean"},{"key":"missing_value_pattern_Internals","type":"config","settings":[{"key":"SettingsModelID","value":"SMID_string","type":"xstring"},{"key":"EnabledStatus","value":"true","type":"xboolean"}]},{"key":"missing_value_pattern","value":"","type":"xstring"},{"key":"evaluate_formulas_Internals","type":"config","settings":[{"key":"SettingsModelID","value":"SMID_boolean","type":"xstring"},{"key":"EnabledStatus","value":"false","type":"xboolean"}]},{"key":"evaluate_formulas","value":"false","type":"xboolean"},{"key":"autosize_columns_Internals","type":"config","settings":[{"key":"SettingsModelID","value":"SMID_boolean","type":"xstring"},{"key":"EnabledStatus","value":"true","type":"xboolean"}]},{"key":"autosize_columns","value":"false","type":"xboolean"},{"key":"layout_Internals","type":"config","settings":[{"key":"SettingsModelID","value":"SMID_string","type":"xstring"},{"key":"EnabledStatus","value":"true","type":"xboolean"}]},{"key":"layout","value":"PORTRAIT","type":"xstring"},{"key":"paper_size_Internals","type":"config","settings":[{"key":"SettingsModelID","value":"SMID_string","type":"xstring"},{"key":"EnabledStatus","value":"true","type":"xboolean"}]},{"key":"paper_size","value":"A4_PAPERSIZE","type":"xstring"},{"key":"open_file_after_exec_Internals_Internals","type":"config","settings":[{"key":"SettingsModelID","value":"SMID_boolean","type":"xstring"},{"key":"EnabledStatus","value":"true","type":"xboolean"}]},{"key":"open_file_after_exec_Internals","value":"false","type":"xboolean"}],"outputs":[{"index":0,"type":"flowvariable port"}]},{"id":"152","name":"Numeric Scorer","type":"Other","state":"EXECUTED","graphDepth":9,"annotation":"","factoryKey":{"className":"org.knime.base.node.mine.scorer.numeric2.NumericScorer2NodeFactory"},"settings":[{"key":"reference_Internals","type":"config","settings":[{"key":"SettingsModelID","value":"SMID_string","type":"xstring"},{"key":"EnabledStatus","value":"true","type":"xboolean"}]},{"key":"reference","type":"config","settings":[{"key":"useRowID","value":"false","type":"xboolean"},{"key":"columnName","value":"FS","type":"xstring"}]},{"key":"predicted_Internals","type":"config","settings":[{"key":"SettingsModelID","value":"SMID_string","type":"xstring"},{"key":"EnabledStatus","value":"true","type":"xboolean"}]},{"key":"predicted","type":"config","settings":[{"key":"useRowID","value":"false","type":"xboolean"},{"key":"columnName","value":"FS (right)","type":"xstring"}]},{"key":"override default output name_Internals","type":"config","settings":[{"key":"SettingsModelID","value":"SMID_boolean","type":"xstring"},{"key":"EnabledStatus","value":"true","type":"xboolean"}]},{"key":"override default output name","value":"false","type":"xboolean"},{"key":"output column_Internals","type":"config","settings":[{"key":"SettingsModelID","value":"SMID_string","type":"xstring"},{"key":"EnabledStatus","value":"false","type":"xboolean"}]},{"key":"output column","value":"FS (right)","type":"xstring"},{"key":"name prefix for flowvars_Internals","type":"config","settings":[{"key":"SettingsModelID","value":"SMID_string","type":"xstring"},{"key":"EnabledStatus","value":"false","type":"xboolean"}]},{"key":"name prefix for flowvars","value":"","type":"xstring"},{"key":"generate flow variables_Internals","type":"config","settings":[{"key":"SettingsModelID","value":"SMID_boolean","type":"xstring"},{"key":"EnabledStatus","value":"true","type":"xboolean"}]},{"key":"generate flow variables","value":"false","type":"xboolean"},{"key":"number_of_predictors_Internals","type":"config","settings":[{"key":"SettingsModelID","value":"SMID_integer","type":"xstring"},{"key":"EnabledStatus","value":"true","type":"xboolean"}]},{"key":"number_of_predictors","value":"0","type":"xint"}],"outputs":[{"index":0,"type":"flowvariable port"},{"index":1,"type":"table","tableSpec":{"columns":[{"name":"FS (right)","type":"Number (double)","index":0,"columnDomain":{"lowerBound":"-6.752090614663745E-4","upperBound":"0.9747425420080496"},"columnProperties":[]}]}}]}],"annotations":[],"metadata":{"author":"Janet","creationDate":"2023-06-14","description":"Rapid Drawdown ANN Time in days \n\nThere has been no description set for this workflow's metadata."},"name":"Rapid Drawdown ANN Time in days 1"}}