<WorkflowSummary version="1.0.0" summaryCreationDateTime="2024-11-14 20:01:07 -0800"><workflow name="Rapid Drawdown ANN Time in days 1"><nodes><node id="151" name="Excel Reader" type="Source" state="EXECUTED" graphDepth="0" annotation="Rapid Drawdown&#xd;&#xa;Time in days"><factoryKey className="org.knime.ext.poi3.node.io.filehandling.excel.reader.ExcelTableReaderNodeFactory"/><settings><setting key="settings" type="config"><settings><setting key="sheet_selection" value="FIRST" type="xstring"/><setting key="sheet_name" value="Sheet1" type="xstring"/><setting key="sheet_index" value="0" type="xint"/><setting key="table_contains_column_names" value="true" type="xboolean"/><setting key="column_names_row_number" value="1" type="xlong"/><setting key="row_id" value="GENERATE" type="xstring"/><setting key="row_id_column" value="A" type="xstring"/><setting key="sheet_area" value="ENTIRE" type="xstring"/><setting key="read_from_column" value="A" type="xstring"/><setting key="read_to_column" value="" type="xstring"/><setting key="read_from_row" value="1" type="xstring"/><setting key="read_to_row" value="" type="xstring"/><setting key="empty_col_header_prefix" value="empty_" type="xstring"/><setting key="column_name_mode" value="EXCEL_COL_NAME" type="xstring"/><setting key="file_selection_Internals" type="config"><settings><setting key="SettingsModelID" value="SMID_ReaderFileChooser" type="xstring"/><setting key="EnabledStatus" value="true" type="xboolean"/></settings></setting><setting key="file_selection" type="config"><settings><setting key="file_system_chooser__Internals" type="config"><settings><setting key="has_fs_port" value="false" type="xboolean"/><setting key="overwritten_by_variable" value="false" type="xboolean"/><setting key="convenience_fs_category" value="LOCAL" type="xstring"/><setting key="relative_to" value="knime.workflow.data" type="xstring"/><setting key="mountpoint" value="LOCAL" type="xstring"/><setting key="spaceId" value="" type="xstring"/><setting key="spaceName" value="" type="xstring"/><setting key="custom_url_timeout" value="1000" type="xint"/><setting key="connected_fs" value="true" type="xboolean"/></settings></setting><setting key="path" type="config"><settings><setting key="location_present" value="true" type="xboolean"/><setting key="file_system_type" value="LOCAL" type="xstring"/><setting key="path" value="E:\DOCTORADO\CAPITULO 3\KNIME\NUEVO OKOK\Regresión lineal\Con el tiempo como variable\Datos nuevos para poner el tiempo como variable (días ajustados).xlsx" type="xstring"/></settings></setting><setting key="filter_mode_Internals" type="config"><settings><setting key="SettingsModelID" value="SMID_FilterMode" type="xstring"/><setting key="EnabledStatus" value="true" type="xboolean"/></settings></setting><setting key="filter_mode" type="config"><settings><setting key="filter_mode" value="FILE" type="xstring"/><setting key="include_subfolders" value="false" type="xboolean"/><setting key="filter_options" type="config"><settings><setting key="filter_files_extension" value="false" type="xboolean"/><setting key="files_extension_expression" value="" type="xstring"/><setting key="files_extension_case_sensitive" value="false" type="xboolean"/><setting key="filter_files_name" value="false" type="xboolean"/><setting key="files_name_expression" value="*" type="xstring"/><setting key="files_name_case_sensitive" value="false" type="xboolean"/><setting key="files_name_filter_type" value="WILDCARD" type="xstring"/><setting key="include_hidden_files" value="false" type="xboolean"/><setting key="include_special_files" value="true" type="xboolean"/><setting key="filter_folders_name" value="false" type="xboolean"/><setting key="folders_name_expression" value="*" type="xstring"/><setting key="folders_name_case_sensitive" value="false" type="xboolean"/><setting key="folders_name_filter_type" value="WILDCARD" type="xstring"/><setting key="include_hidden_folders" value="false" type="xboolean"/><setting key="follow_links" value="true" type="xboolean"/></settings></setting></settings></setting></settings></setting></settings></setting><setting key="advanced_settings" type="config"><settings><setting key="fail_on_differing_specs" value="true" type="xboolean"/><setting key="append_path_column_Internals" value="false" type="xboolean"/><setting key="path_column_name_Internals" value="Path" type="xstring"/><setting key="skip_empty_cols" value="false" type="xboolean"/><setting key="skip_empty_rows" value="true" type="xboolean"/><setting key="limit_data_rows_scanned" value="true" type="xboolean"/><setting key="max_data_rows_scanned" value="10000" type="xlong"/><setting key="save_table_spec_config_Internals" value="true" type="xboolean"/><setting key="use_15_digits_precision" value="true" type="xboolean"/><setting key="skip_hidden_columns" value="true" type="xboolean"/><setting key="skip_hidden_rows" value="true" type="xboolean"/><setting key="replace_empty_strings_with_missings" value="true" type="xboolean"/><setting key="reevaluate_formulas" value="false" type="xboolean"/><setting key="formula_error_handling" value="PATTERN" type="xstring"/><setting key="formula_error_pattern" value="#XL_EVAL_ERROR#" type="xstring"/></settings></setting><setting key="encryption" type="config"><settings><setting key="password_Internals" type="config"><settings><setting key="SettingsModelID" value="SMID_authentication" type="xstring"/><setting key="EnabledStatus" value="true" type="xboolean"/></settings></setting><setting key="password" type="config"><settings><setting key="credentials" type="xstring"/><setting key="username" value="" type="xstring"/><setting key="selectedType" value="NONE" type="xstring"/></settings></setting></settings></setting></settings><outputs><output index="0" type="flowvariable port"/><output index="1" type="table"><tableSpec><columns><column name="Altura de terraplén" type="Number (integer)" index="0"><columnDomain><lowerBound>15</lowerBound><upperBound>40</upperBound></columnDomain><columnproperties/></column><column name="Ancho de corona" type="Number (integer)" index="1"><columnDomain><lowerBound>4</lowerBound><upperBound>6</upperBound></columnDomain><columnproperties/></column><column name="Peso específico" type="Number (double)" index="2"><columnDomain><lowerBound>16.5823</lowerBound><upperBound>19.3898</upperBound></columnDomain><columnproperties/></column><column name="Cohesión" type="Number (double)" index="3"><columnDomain><lowerBound>13.8418</lowerBound><upperBound>67.4528</upperBound></columnDomain><columnproperties/></column><column name="Ángulo de fricción interna" type="Number (double)" index="4"><columnDomain><lowerBound>12.5548</lowerBound><upperBound>29.4595</upperBound></columnDomain><columnproperties/></column><column name="Pemeabilidad saturada" type="Number (double)" index="5"><columnDomain><lowerBound>4.28574E-8</lowerBound><upperBound>7.74547E-6</upperBound></columnDomain><columnproperties/></column><column name="Contenido volumétrico de agua" type="Number (double)" index="6"><columnDomain><lowerBound>0.378381604073838</lowerBound><upperBound>0.553114568018197</upperBound></columnDomain><columnproperties/></column><column name="Índice de compresibilidad volumétrica" type="Number (double)" index="7"><columnDomain><lowerBound>3.99675463523619E-5</lowerBound><upperBound>1.89886998247343E-4</upperBound></columnDomain><columnproperties/></column><column name="Diámetro efectivo para el 60%" type="Number (double)" index="8"><columnDomain><lowerBound>0.0075</lowerBound><upperBound>0.25</upperBound></columnDomain><columnproperties/></column><column name="Diámetro efectivo para el 10%" type="Number (double)" index="9"><columnDomain><lowerBound>0.0025</lowerBound><upperBound>0.027</upperBound></columnDomain><columnproperties/></column><column name="Límite líquido" type="Number (double)" index="10"><columnDomain><lowerBound>33.2495</lowerBound><upperBound>72.0452</upperBound></columnDomain><columnproperties/></column><column name="Velocidad" type="Number (double)" index="11"><columnDomain><lowerBound>0.1</lowerBound><upperBound>0.3</upperBound></columnDomain><columnproperties/></column><column name="Tiempo" type="Number (integer)" index="12"><columnDomain><lowerBound>0</lowerBound><upperBound>350</upperBound></columnDomain><columnproperties/></column><column name="FS" type="Number (double)" index="13"><columnDomain><lowerBound>0.11169939</lowerBound><upperBound>5.6632962</upperBound></columnDomain><columnproperties/></column></columns></tableSpec><successors><successor id="149" portIndex="1"/></successors></output></outputs></node><node id="149" name="Partitioning" type="Manipulator" state="EXECUTED" graphDepth="1" annotation=""><factoryKey className="org.knime.base.node.preproc.partition.PartitionNodeFactory"/><settings><setting key="method" value="Relative" type="xstring"/><setting key="samplingMethod" value="Random" type="xstring"/><setting key="fraction" value="0.7" type="xdouble"/><setting key="count" value="100" type="xint"/><setting key="random_seed" type="xstring"/><setting key="class_column" type="xstring"/></settings><outputs><output index="0" type="flowvariable port"/><output index="1" type="table"><tableSpec><columns><column name="Altura de terraplén" type="Number (integer)" index="0"><columnDomain><lowerBound>15</lowerBound><upperBound>40</upperBound></columnDomain><columnproperties/></column><column name="Ancho de corona" type="Number (integer)" index="1"><columnDomain><lowerBound>4</lowerBound><upperBound>6</upperBound></columnDomain><columnproperties/></column><column name="Peso específico" type="Number (double)" index="2"><columnDomain><lowerBound>16.5823</lowerBound><upperBound>19.3898</upperBound></columnDomain><columnproperties/></column><column name="Cohesión" type="Number (double)" index="3"><columnDomain><lowerBound>13.8418</lowerBound><upperBound>67.4528</upperBound></columnDomain><columnproperties/></column><column name="Ángulo de fricción interna" type="Number (double)" index="4"><columnDomain><lowerBound>12.5548</lowerBound><upperBound>29.4595</upperBound></columnDomain><columnproperties/></column><column name="Pemeabilidad saturada" type="Number (double)" index="5"><columnDomain><lowerBound>4.28574E-8</lowerBound><upperBound>7.74547E-6</upperBound></columnDomain><columnproperties/></column><column name="Contenido volumétrico de agua" type="Number (double)" index="6"><columnDomain><lowerBound>0.378381604073838</lowerBound><upperBound>0.553114568018197</upperBound></columnDomain><columnproperties/></column><column name="Índice de compresibilidad volumétrica" type="Number (double)" index="7"><columnDomain><lowerBound>3.99675463523619E-5</lowerBound><upperBound>1.89886998247343E-4</upperBound></columnDomain><columnproperties/></column><column name="Diámetro efectivo para el 60%" type="Number (double)" index="8"><columnDomain><lowerBound>0.0075</lowerBound><upperBound>0.25</upperBound></columnDomain><columnproperties/></column><column name="Diámetro efectivo para el 10%" type="Number (double)" index="9"><columnDomain><lowerBound>0.0025</lowerBound><upperBound>0.027</upperBound></columnDomain><columnproperties/></column><column name="Límite líquido" type="Number (double)" index="10"><columnDomain><lowerBound>33.2495</lowerBound><upperBound>72.0452</upperBound></columnDomain><columnproperties/></column><column name="Velocidad" type="Number (double)" index="11"><columnDomain><lowerBound>0.1</lowerBound><upperBound>0.3</upperBound></columnDomain><columnproperties/></column><column name="Tiempo" type="Number (integer)" index="12"><columnDomain><lowerBound>0</lowerBound><upperBound>350</upperBound></columnDomain><columnproperties/></column><column name="FS" type="Number (double)" index="13"><columnDomain><lowerBound>0.11169939</lowerBound><upperBound>5.6632962</upperBound></columnDomain><columnproperties/></column></columns></tableSpec><successors><successor id="144" portIndex="1"/></successors></output><output index="2" type="table"><tableSpec><columns><column name="Altura de terraplén" type="Number (integer)" index="0"><columnDomain><lowerBound>15</lowerBound><upperBound>40</upperBound></columnDomain><columnproperties/></column><column name="Ancho de corona" type="Number (integer)" index="1"><columnDomain><lowerBound>4</lowerBound><upperBound>6</upperBound></columnDomain><columnproperties/></column><column name="Peso específico" type="Number (double)" index="2"><columnDomain><lowerBound>16.5823</lowerBound><upperBound>19.3898</upperBound></columnDomain><columnproperties/></column><column name="Cohesión" type="Number (double)" index="3"><columnDomain><lowerBound>13.8418</lowerBound><upperBound>67.4528</upperBound></columnDomain><columnproperties/></column><column name="Ángulo de fricción interna" type="Number (double)" index="4"><columnDomain><lowerBound>12.5548</lowerBound><upperBound>29.4595</upperBound></columnDomain><columnproperties/></column><column name="Pemeabilidad saturada" type="Number (double)" index="5"><columnDomain><lowerBound>4.28574E-8</lowerBound><upperBound>7.74547E-6</upperBound></columnDomain><columnproperties/></column><column name="Contenido volumétrico de agua" type="Number (double)" index="6"><columnDomain><lowerBound>0.378381604073838</lowerBound><upperBound>0.553114568018197</upperBound></columnDomain><columnproperties/></column><column name="Índice de compresibilidad volumétrica" type="Number (double)" index="7"><columnDomain><lowerBound>3.99675463523619E-5</lowerBound><upperBound>1.89886998247343E-4</upperBound></columnDomain><columnproperties/></column><column name="Diámetro efectivo para el 60%" type="Number (double)" index="8"><columnDomain><lowerBound>0.0075</lowerBound><upperBound>0.25</upperBound></columnDomain><columnproperties/></column><column name="Diámetro efectivo para el 10%" type="Number (double)" index="9"><columnDomain><lowerBound>0.0025</lowerBound><upperBound>0.027</upperBound></columnDomain><columnproperties/></column><column name="Límite líquido" type="Number (double)" index="10"><columnDomain><lowerBound>33.2495</lowerBound><upperBound>72.0452</upperBound></columnDomain><columnproperties/></column><column name="Velocidad" type="Number (double)" index="11"><columnDomain><lowerBound>0.1</lowerBound><upperBound>0.3</upperBound></columnDomain><columnproperties/></column><column name="Tiempo" type="Number (integer)" index="12"><columnDomain><lowerBound>0</lowerBound><upperBound>350</upperBound></columnDomain><columnproperties/></column><column name="FS" type="Number (double)" index="13"><columnDomain><lowerBound>0.11169939</lowerBound><upperBound>5.6632962</upperBound></columnDomain><columnproperties/></column></columns></tableSpec><successors><successor id="142" portIndex="2"/></successors></output></outputs></node><node id="144" name="Normalizer" type="Manipulator" state="EXECUTED" graphDepth="2" annotation=""><factoryKey className="org.knime.base.node.preproc.normalize3.Normalizer3NodeFactory"/><settings><setting key="mode" value="MINMAX" type="xstring"/><setting key="new-min" value="0.0" type="xdouble"/><setting key="new-max" value="1.0" type="xdouble"/><setting key="data-column-filter" type="config"><settings><setting key="filter-type" value="STANDARD" type="xstring"/><setting key="included_names" type="config"><settings><setting key="array-size" value="1" type="xint"/><setting key="0" value="FS" type="xstring"/></settings></setting><setting key="excluded_names" type="config"><settings><setting key="array-size" value="13" type="xint"/><setting key="0" value="Altura de terraplén" type="xstring"/><setting key="1" value="Ancho de corona" type="xstring"/><setting key="2" value="Peso específico" type="xstring"/><setting key="3" value="Cohesión" type="xstring"/><setting key="4" value="Ángulo de fricción interna" type="xstring"/><setting key="5" value="Pemeabilidad saturada" type="xstring"/><setting key="6" value="Contenido volumétrico de agua" type="xstring"/><setting key="7" value="Índice de compresibilidad volumétrica" type="xstring"/><setting key="8" value="Diámetro efectivo para el 60%" type="xstring"/><setting key="9" value="Diámetro efectivo para el 10%" type="xstring"/><setting key="10" value="Límite líquido" type="xstring"/><setting key="11" value="Velocidad" type="xstring"/><setting key="12" value="Tiempo" type="xstring"/></settings></setting><setting key="enforce_option" value="EnforceInclusion" type="xstring"/><setting key="name_pattern" type="config"><settings><setting key="pattern" value="" type="xstring"/><setting key="type" value="Wildcard" type="xstring"/><setting key="caseSensitive" value="true" type="xboolean"/><setting key="excludeMatching" value="false" type="xboolean"/></settings></setting><setting key="datatype" type="config"><settings><setting key="typelist" type="config"><settings><setting key="org.knime.core.data.IntValue" value="false" type="xboolean"/><setting key="org.knime.core.data.DoubleValue" value="false" type="xboolean"/></settings></setting></settings></setting></settings></setting></settings><outputs><output index="0" type="flowvariable port"/><output index="1" type="table"><tableSpec><columns><column name="Altura de terraplén" type="Number (integer)" index="0"><columnDomain><lowerBound>15</lowerBound><upperBound>40</upperBound></columnDomain><columnproperties/></column><column name="Ancho de corona" type="Number (integer)" index="1"><columnDomain><lowerBound>4</lowerBound><upperBound>6</upperBound></columnDomain><columnproperties/></column><column name="Peso específico" type="Number (double)" index="2"><columnDomain><lowerBound>16.5823</lowerBound><upperBound>19.3898</upperBound></columnDomain><columnproperties/></column><column name="Cohesión" type="Number (double)" index="3"><columnDomain><lowerBound>13.8418</lowerBound><upperBound>67.4528</upperBound></columnDomain><columnproperties/></column><column name="Ángulo de fricción interna" type="Number (double)" index="4"><columnDomain><lowerBound>12.5548</lowerBound><upperBound>29.4595</upperBound></columnDomain><columnproperties/></column><column name="Pemeabilidad saturada" type="Number (double)" index="5"><columnDomain><lowerBound>4.28574E-8</lowerBound><upperBound>7.74547E-6</upperBound></columnDomain><columnproperties/></column><column name="Contenido volumétrico de agua" type="Number (double)" index="6"><columnDomain><lowerBound>0.378381604073838</lowerBound><upperBound>0.553114568018197</upperBound></columnDomain><columnproperties/></column><column name="Índice de compresibilidad volumétrica" type="Number (double)" index="7"><columnDomain><lowerBound>3.99675463523619E-5</lowerBound><upperBound>1.89886998247343E-4</upperBound></columnDomain><columnproperties/></column><column name="Diámetro efectivo para el 60%" type="Number (double)" index="8"><columnDomain><lowerBound>0.0075</lowerBound><upperBound>0.25</upperBound></columnDomain><columnproperties/></column><column name="Diámetro efectivo para el 10%" type="Number (double)" index="9"><columnDomain><lowerBound>0.0025</lowerBound><upperBound>0.027</upperBound></columnDomain><columnproperties/></column><column name="Límite líquido" type="Number (double)" index="10"><columnDomain><lowerBound>33.2495</lowerBound><upperBound>72.0452</upperBound></columnDomain><columnproperties/></column><column name="Velocidad" type="Number (double)" index="11"><columnDomain><lowerBound>0.1</lowerBound><upperBound>0.3</upperBound></columnDomain><columnproperties/></column><column name="Tiempo" type="Number (integer)" index="12"><columnDomain><lowerBound>0</lowerBound><upperBound>350</upperBound></columnDomain><columnproperties/></column><column name="FS" type="Number (double)" index="13"><columnDomain><lowerBound>0.0</lowerBound><upperBound>1.0</upperBound></columnDomain><columnproperties/></column></columns></tableSpec><successors><successor id="150" portIndex="1"/></successors></output><output index="2" type="PortType(DataTableSpec,NormalizerPortObject)"><tableSpec><columns><column name="FS" type="Number (double)" index="0"><columnDomain><lowerBound>0.11169939</lowerBound><upperBound>5.6632962</upperBound></columnDomain><columnproperties/></column></columns></tableSpec><successors><successor id="145" portIndex="1"/></successors></output></outputs></node><node id="150" name="RProp MLP Learner" type="Learner" state="EXECUTED" graphDepth="3" annotation=""><factoryKey className="org.knime.base.node.mine.neural.rprop.RPropNodeFactory2"/><settings><setting key="maxiter_Internals" type="config"><settings><setting key="SettingsModelID" value="SMID_integer" type="xstring"/><setting key="EnabledStatus" value="true" type="xboolean"/></settings></setting><setting key="maxiter" value="10000" type="xint"/><setting key="hiddenlayer_Internals" type="config"><settings><setting key="SettingsModelID" value="SMID_integer" type="xstring"/><setting key="EnabledStatus" value="true" type="xboolean"/></settings></setting><setting key="hiddenlayer" value="2" type="xint"/><setting key="nrhiddenneurons_Internals" type="config"><settings><setting key="SettingsModelID" value="SMID_integer" type="xstring"/><setting key="EnabledStatus" value="true" type="xboolean"/></settings></setting><setting key="nrhiddenneurons" value="10" type="xint"/><setting key="classcol_Internals" type="config"><settings><setting key="SettingsModelID" value="SMID_string" type="xstring"/><setting key="EnabledStatus" value="true" type="xboolean"/></settings></setting><setting key="classcol" value="FS" type="xstring"/><setting key="ignoremv_Internals" type="config"><settings><setting key="SettingsModelID" value="SMID_boolean" type="xstring"/><setting key="EnabledStatus" value="true" type="xboolean"/></settings></setting><setting key="ignoremv" value="false" type="xboolean"/><setting key="useRandomSeed_Internals" type="config"><settings><setting key="SettingsModelID" value="SMID_boolean" type="xstring"/><setting key="EnabledStatus" value="true" type="xboolean"/></settings></setting><setting key="useRandomSeed" value="false" type="xboolean"/><setting key="randomSeed_Internals" type="config"><settings><setting key="SettingsModelID" value="SMID_integer" type="xstring"/><setting key="EnabledStatus" value="false" type="xboolean"/></settings></setting><setting key="randomSeed" value="1278460233" type="xint"/></settings><outputs><output index="0" type="flowvariable port"/><output index="1" type="PortType(PMMLPortObjectSpec,PMMLPortObject)"><successors><successor id="142" portIndex="1"/></successors></output></outputs></node><node id="142" name="MultiLayerPerceptron Predictor" type="Predictor" state="EXECUTED" graphDepth="4" annotation=""><factoryKey className="org.knime.base.node.mine.neural.mlp2.MLPPredictorNodeFactory"/><settings><setting key="prediction column name_Internals" type="config"><settings><setting key="SettingsModelID" value="SMID_string" type="xstring"/><setting key="EnabledStatus" value="false" type="xboolean"/></settings></setting><setting key="prediction column name" value="Prediction (FS inicial)" type="xstring"/><setting key="change prediction_Internals" type="config"><settings><setting key="SettingsModelID" value="SMID_boolean" type="xstring"/><setting key="EnabledStatus" value="true" type="xboolean"/></settings></setting><setting key="change prediction" value="false" type="xboolean"/><setting key="append probabilities_Internals" type="config"><settings><setting key="SettingsModelID" value="SMID_boolean" type="xstring"/><setting key="EnabledStatus" value="true" type="xboolean"/></settings></setting><setting key="append probabilities" value="false" type="xboolean"/><setting key="class probability suffix_Internals" type="config"><settings><setting key="SettingsModelID" value="SMID_string" type="xstring"/><setting key="EnabledStatus" value="false" type="xboolean"/></settings></setting><setting key="class probability suffix" value="" type="xstring"/></settings><outputs><output index="0" type="flowvariable port"/><output index="1" type="table"><tableSpec><columns><column name="Altura de terraplén" type="Number (integer)" index="0"><columnDomain><lowerBound>15</lowerBound><upperBound>40</upperBound></columnDomain><columnproperties/></column><column name="Ancho de corona" type="Number (integer)" index="1"><columnDomain><lowerBound>4</lowerBound><upperBound>6</upperBound></columnDomain><columnproperties/></column><column name="Peso específico" type="Number (double)" index="2"><columnDomain><lowerBound>16.5823</lowerBound><upperBound>19.3898</upperBound></columnDomain><columnproperties/></column><column name="Cohesión" type="Number (double)" index="3"><columnDomain><lowerBound>13.8418</lowerBound><upperBound>67.4528</upperBound></columnDomain><columnproperties/></column><column name="Ángulo de fricción interna" type="Number (double)" index="4"><columnDomain><lowerBound>12.5548</lowerBound><upperBound>29.4595</upperBound></columnDomain><columnproperties/></column><column name="Pemeabilidad saturada" type="Number (double)" index="5"><columnDomain><lowerBound>4.28574E-8</lowerBound><upperBound>7.74547E-6</upperBound></columnDomain><columnproperties/></column><column name="Contenido volumétrico de agua" type="Number (double)" index="6"><columnDomain><lowerBound>0.378381604073838</lowerBound><upperBound>0.553114568018197</upperBound></columnDomain><columnproperties/></column><column name="Índice de compresibilidad volumétrica" type="Number (double)" index="7"><columnDomain><lowerBound>3.99675463523619E-5</lowerBound><upperBound>1.89886998247343E-4</upperBound></columnDomain><columnproperties/></column><column name="Diámetro efectivo para el 60%" type="Number (double)" index="8"><columnDomain><lowerBound>0.0075</lowerBound><upperBound>0.25</upperBound></columnDomain><columnproperties/></column><column name="Diámetro efectivo para el 10%" type="Number (double)" index="9"><columnDomain><lowerBound>0.0025</lowerBound><upperBound>0.027</upperBound></columnDomain><columnproperties/></column><column name="Límite líquido" type="Number (double)" index="10"><columnDomain><lowerBound>33.2495</lowerBound><upperBound>72.0452</upperBound></columnDomain><columnproperties/></column><column name="Velocidad" type="Number (double)" index="11"><columnDomain><lowerBound>0.1</lowerBound><upperBound>0.3</upperBound></columnDomain><columnproperties/></column><column name="Tiempo" type="Number (integer)" index="12"><columnDomain><lowerBound>0</lowerBound><upperBound>350</upperBound></columnDomain><columnproperties/></column><column name="FS" type="Number (double)" index="13"><columnDomain><lowerBound>0.11169939</lowerBound><upperBound>5.6632962</upperBound></columnDomain><columnproperties/></column><column name="Prediction (FS)" type="Number (double)" index="14"><columnDomain><lowerBound>0.13143750271759297</lowerBound><upperBound>0.942594036560275</upperBound></columnDomain><columnproperties/></column></columns></tableSpec><successors><successor id="143" portIndex="1"/><successor id="147" portIndex="1"/></successors></output></outputs></node><node id="143" name="Column Filter" type="Manipulator" state="EXECUTED" graphDepth="5" annotation=""><factoryKey className="org.knime.base.node.preproc.filter.column.DataColumnSpecFilterNodeFactory"/><settings><setting key="column-filter" type="config"><settings><setting key="filter-type" value="STANDARD" type="xstring"/><setting key="included_names" type="config"><settings><setting key="array-size" value="1" type="xint"/><setting key="0" value="Prediction (FS)" type="xstring"/></settings></setting><setting key="excluded_names" type="config"><settings><setting key="array-size" value="16" type="xint"/><setting key="0" value="Altura de terraplén" type="xstring"/><setting key="1" value="Ancho de corona" type="xstring"/><setting key="2" value="Peso específico" type="xstring"/><setting key="3" value="Cohesión" type="xstring"/><setting key="4" value="Ángulo de fricción interna" type="xstring"/><setting key="5" value="Pemeabilidad saturada" type="xstring"/><setting key="6" value="Contenido volumétrico de agua" type="xstring"/><setting key="7" value="Índice de compresibilidad volumétrica" type="xstring"/><setting key="8" value="Diámetro efectivo para el 60%" type="xstring"/><setting key="9" value="Diámetro efectivo para el 10%" type="xstring"/><setting key="10" value="Límite líquido" type="xstring"/><setting key="11" value="Velocidad" type="xstring"/><setting key="12" value="Tiempo" type="xstring"/><setting key="13" value="FS" type="xstring"/><setting key="14" value="Altura de cortina" type="xstring"/><setting key="15" value="FS inicial" type="xstring"/></settings></setting><setting key="enforce_option" value="EnforceExclusion" type="xstring"/><setting key="name_pattern" type="config"><settings><setting key="pattern" value="" type="xstring"/><setting key="type" value="Wildcard" type="xstring"/><setting key="caseSensitive" value="true" type="xboolean"/><setting key="excludeMatching" value="false" type="xboolean"/></settings></setting><setting key="datatype" type="config"><settings><setting key="typelist" type="config"><settings><setting key="org.knime.core.data.IntValue" value="false" type="xboolean"/><setting key="org.knime.core.data.DoubleValue" value="false" type="xboolean"/><setting key="org.knime.core.data.BooleanValue" value="false" type="xboolean"/><setting key="org.knime.core.data.LongValue" value="false" type="xboolean"/><setting key="org.knime.core.data.StringValue" value="false" type="xboolean"/><setting key="org.knime.core.data.date.DateAndTimeValue" value="false" type="xboolean"/></settings></setting></settings></setting></settings></setting></settings><outputs><output index="0" type="flowvariable port"/><output index="1" type="table"><tableSpec><columns><column name="Prediction (FS)" type="Number (double)" index="0"><columnDomain><lowerBound>0.13143750271759297</lowerBound><upperBound>0.942594036560275</upperBound></columnDomain><columnproperties/></column></columns></tableSpec><successors><successor id="146" portIndex="1"/></successors></output></outputs></node><node id="146" name="Column Rename" type="Manipulator" state="EXECUTED" graphDepth="6" annotation=""><factoryKey className="org.knime.base.node.preproc.rename.RenameNodeFactory"/><settings><setting key="all_columns" type="config"><settings><setting key="0" type="config"><settings><setting key="old_column_name" value="Prediction (FS)" type="xstring"/><setting key="new_column_name" value="FS" type="xstring"/><setting key="new_column_type" value="0" type="xint"/></settings></setting></settings></setting></settings><outputs><output index="0" type="flowvariable port"/><output index="1" type="table"><tableSpec><columns><column name="FS" type="Number (double)" index="0"><columnDomain><lowerBound>0.13143750271759297</lowerBound><upperBound>0.942594036560275</upperBound></columnDomain><columnproperties/></column></columns></tableSpec><successors><successor id="145" portIndex="2"/></successors></output></outputs></node><node id="145" name="Denormalizer" type="Manipulator" state="EXECUTED" graphDepth="7" annotation=""><factoryKey className="org.knime.base.node.preproc.normalize.NormalizerDeNodeFactory"/><settings/><outputs><output index="0" type="flowvariable port"/><output index="1" type="table"><tableSpec><columns><column name="FS" type="Number (double)" index="0"><columnDomain><lowerBound>0.8417955048907035</lowerBound><upperBound>5.344628408684968</upperBound></columnDomain><columnproperties/></column></columns></tableSpec><successors><successor id="147" portIndex="2"/></successors></output></outputs></node><node id="147" name="Joiner" type="Manipulator" state="EXECUTED" graphDepth="8" annotation=""><factoryKey className="org.knime.base.node.preproc.joiner3.Joiner3NodeFactory"/><settings><setting key="includeMatchesInOutput_Internals" type="config"><settings><setting key="SettingsModelID" value="SMID_boolean" type="xstring"/><setting key="EnabledStatus" value="true" type="xboolean"/></settings></setting><setting key="includeMatchesInOutput" value="true" type="xboolean"/><setting key="includeLeftUnmatchedInOutput_Internals" type="config"><settings><setting key="SettingsModelID" value="SMID_boolean" type="xstring"/><setting key="EnabledStatus" value="true" type="xboolean"/></settings></setting><setting key="includeLeftUnmatchedInOutput" value="true" type="xboolean"/><setting key="includeRightUnmatchedInOutput_Internals" type="config"><settings><setting key="SettingsModelID" value="SMID_boolean" type="xstring"/><setting key="EnabledStatus" value="true" type="xboolean"/></settings></setting><setting key="includeRightUnmatchedInOutput" value="true" type="xboolean"/><setting key="leftTableJoinPredicate_Internals" type="config"><settings><setting key="SettingsModelID" value="SMID_stringarray" type="xstring"/><setting key="EnabledStatus" value="true" type="xboolean"/></settings></setting><setting key="leftTableJoinPredicate" type="config"><settings><setting key="array-size" value="1" type="xint"/><setting key="0" value="$RowID$" type="xstring"/></settings></setting><setting key="rightTableJoinPredicate_Internals" type="config"><settings><setting key="SettingsModelID" value="SMID_stringarray" type="xstring"/><setting key="EnabledStatus" value="true" type="xboolean"/></settings></setting><setting key="rightTableJoinPredicate" type="config"><settings><setting key="array-size" value="1" type="xint"/><setting key="0" value="$RowID$" type="xstring"/></settings></setting><setting key="compositionMode_Internals" type="config"><settings><setting key="SettingsModelID" value="SMID_string" type="xstring"/><setting key="EnabledStatus" value="true" type="xboolean"/></settings></setting><setting key="compositionMode" value="MATCH_ALL" type="xstring"/><setting key="mergeJoinColumns_Internals" type="config"><settings><setting key="SettingsModelID" value="SMID_boolean" type="xstring"/><setting key="EnabledStatus" value="true" type="xboolean"/></settings></setting><setting key="mergeJoinColumns" value="false" type="xboolean"/><setting key="dataCellComparisonMode_Internals" type="config"><settings><setting key="SettingsModelID" value="SMID_string" type="xstring"/><setting key="EnabledStatus" value="true" type="xboolean"/></settings></setting><setting key="dataCellComparisonMode" value="STRICT" type="xstring"/><setting key="outputUnmatchedRowsToSeparatePorts_Internals" type="config"><settings><setting key="SettingsModelID" value="SMID_boolean" type="xstring"/><setting key="EnabledStatus" value="true" type="xboolean"/></settings></setting><setting key="outputUnmatchedRowsToSeparatePorts" value="true" type="xboolean"/><setting key="rowKeyFactory_Internals" type="config"><settings><setting key="SettingsModelID" value="SMID_string" type="xstring"/><setting key="EnabledStatus" value="true" type="xboolean"/></settings></setting><setting key="rowKeyFactory" value="CONCATENATE" type="xstring"/><setting key="rowKeySeparator_Internals" type="config"><settings><setting key="SettingsModelID" value="SMID_string" type="xstring"/><setting key="EnabledStatus" value="true" type="xboolean"/></settings></setting><setting key="rowKeySeparator" value="_" type="xstring"/><setting key="duplicateHandling_Internals" type="config"><settings><setting key="SettingsModelID" value="SMID_string" type="xstring"/><setting key="EnabledStatus" value="true" type="xboolean"/></settings></setting><setting key="duplicateHandling" value="APPEND_SUFFIX" type="xstring"/><setting key="suffix_Internals" type="config"><settings><setting key="SettingsModelID" value="SMID_string" type="xstring"/><setting key="EnabledStatus" value="true" type="xboolean"/></settings></setting><setting key="suffix" value=" (right)" type="xstring"/><setting key="outputRowOrder_Internals" type="config"><settings><setting key="SettingsModelID" value="SMID_string" type="xstring"/><setting key="EnabledStatus" value="true" type="xboolean"/></settings></setting><setting key="outputRowOrder" value="ARBITRARY" type="xstring"/><setting key="maxOpenFiles_Internals" type="config"><settings><setting key="SettingsModelID" value="SMID_integer" type="xstring"/><setting key="EnabledStatus" value="true" type="xboolean"/></settings></setting><setting key="maxOpenFiles" value="200" type="xint"/><setting key="enableHiliting_Internals" type="config"><settings><setting key="SettingsModelID" value="SMID_boolean" type="xstring"/><setting key="EnabledStatus" value="true" type="xboolean"/></settings></setting><setting key="enableHiliting" value="false" type="xboolean"/><setting key="leftColumnSelectionConfig" type="config"><settings><setting key="filter-type" value="STANDARD" type="xstring"/><setting key="included_names" type="config"><settings><setting key="array-size" value="14" type="xint"/><setting key="0" value="Altura de terraplén" type="xstring"/><setting key="1" value="Ancho de corona" type="xstring"/><setting key="2" value="Peso específico" type="xstring"/><setting key="3" value="Cohesión" type="xstring"/><setting key="4" value="Ángulo de fricción interna" type="xstring"/><setting key="5" value="Pemeabilidad saturada" type="xstring"/><setting key="6" value="Contenido volumétrico de agua" type="xstring"/><setting key="7" value="Índice de compresibilidad volumétrica" type="xstring"/><setting key="8" value="Diámetro efectivo para el 60%" type="xstring"/><setting key="9" value="Diámetro efectivo para el 10%" type="xstring"/><setting key="10" value="Límite líquido" type="xstring"/><setting key="11" value="Velocidad" type="xstring"/><setting key="12" value="Tiempo" type="xstring"/><setting key="13" value="FS" type="xstring"/></settings></setting><setting key="excluded_names" type="config"><settings><setting key="array-size" value="2" type="xint"/><setting key="0" value="Prediction (FS)" type="xstring"/><setting key="1" value="Prediction (FS inicial)" type="xstring"/></settings></setting><setting key="enforce_option" value="EnforceExclusion" type="xstring"/><setting key="name_pattern" type="config"><settings><setting key="pattern" value="" type="xstring"/><setting key="type" value="Wildcard" type="xstring"/><setting key="caseSensitive" value="true" type="xboolean"/><setting key="excludeMatching" value="false" type="xboolean"/></settings></setting><setting key="datatype" type="config"><settings><setting key="typelist" type="config"><settings><setting key="org.knime.core.data.IntValue" value="false" type="xboolean"/><setting key="org.knime.core.data.DoubleValue" value="false" type="xboolean"/><setting key="org.knime.core.data.BooleanValue" value="false" type="xboolean"/><setting key="org.knime.core.data.LongValue" value="false" type="xboolean"/><setting key="org.knime.core.data.StringValue" value="false" type="xboolean"/><setting key="org.knime.core.data.date.DateAndTimeValue" value="false" type="xboolean"/></settings></setting></settings></setting></settings></setting><setting key="rightColumnSelectionConfig" type="config"><settings><setting key="filter-type" value="STANDARD" type="xstring"/><setting key="included_names" type="config"><settings><setting key="array-size" value="1" type="xint"/><setting key="0" value="FS" type="xstring"/></settings></setting><setting key="excluded_names" type="config"><settings><setting key="array-size" value="0" type="xint"/></settings></setting><setting key="enforce_option" value="EnforceExclusion" type="xstring"/><setting key="name_pattern" type="config"><settings><setting key="pattern" value="" type="xstring"/><setting key="type" value="Wildcard" type="xstring"/><setting key="caseSensitive" value="true" type="xboolean"/><setting key="excludeMatching" value="false" type="xboolean"/></settings></setting><setting key="datatype" type="config"><settings><setting key="typelist" type="config"><settings><setting key="org.knime.core.data.DoubleValue" value="false" type="xboolean"/><setting key="org.knime.core.data.BooleanValue" value="false" type="xboolean"/><setting key="org.knime.core.data.IntValue" value="false" type="xboolean"/><setting key="org.knime.core.data.LongValue" value="false" type="xboolean"/><setting key="org.knime.core.data.StringValue" value="false" type="xboolean"/><setting key="org.knime.core.data.date.DateAndTimeValue" value="false" type="xboolean"/></settings></setting></settings></setting></settings></setting></settings><outputs><output index="0" type="flowvariable port"/><output index="1" type="table"><tableSpec><columns><column name="Altura de terraplén" type="Number (integer)" index="0"><columnDomain><lowerBound>15</lowerBound><upperBound>40</upperBound></columnDomain><columnproperties/></column><column name="Ancho de corona" type="Number (integer)" index="1"><columnDomain><lowerBound>4</lowerBound><upperBound>6</upperBound></columnDomain><columnproperties/></column><column name="Peso específico" type="Number (double)" index="2"><columnDomain><lowerBound>16.5823</lowerBound><upperBound>19.3898</upperBound></columnDomain><columnproperties/></column><column name="Cohesión" type="Number (double)" index="3"><columnDomain><lowerBound>13.8418</lowerBound><upperBound>67.4528</upperBound></columnDomain><columnproperties/></column><column name="Ángulo de fricción interna" type="Number (double)" index="4"><columnDomain><lowerBound>12.5548</lowerBound><upperBound>29.4595</upperBound></columnDomain><columnproperties/></column><column name="Pemeabilidad saturada" type="Number (double)" index="5"><columnDomain><lowerBound>4.28574E-8</lowerBound><upperBound>7.74547E-6</upperBound></columnDomain><columnproperties/></column><column name="Contenido volumétrico de agua" type="Number (double)" index="6"><columnDomain><lowerBound>0.378381604073838</lowerBound><upperBound>0.553114568018197</upperBound></columnDomain><columnproperties/></column><column name="Índice de compresibilidad volumétrica" type="Number (double)" index="7"><columnDomain><lowerBound>3.99675463523619E-5</lowerBound><upperBound>1.89886998247343E-4</upperBound></columnDomain><columnproperties/></column><column name="Diámetro efectivo para el 60%" type="Number (double)" index="8"><columnDomain><lowerBound>0.0075</lowerBound><upperBound>0.25</upperBound></columnDomain><columnproperties/></column><column name="Diámetro efectivo para el 10%" type="Number (double)" index="9"><columnDomain><lowerBound>0.0025</lowerBound><upperBound>0.027</upperBound></columnDomain><columnproperties/></column><column name="Límite líquido" type="Number (double)" index="10"><columnDomain><lowerBound>33.2495</lowerBound><upperBound>72.0452</upperBound></columnDomain><columnproperties/></column><column name="Velocidad" type="Number (double)" index="11"><columnDomain><lowerBound>0.1</lowerBound><upperBound>0.3</upperBound></columnDomain><columnproperties/></column><column name="Tiempo" type="Number (integer)" index="12"><columnDomain><lowerBound>0</lowerBound><upperBound>350</upperBound></columnDomain><columnproperties/></column><column name="FS" type="Number (double)" index="13"><columnDomain><lowerBound>0.11169939</lowerBound><upperBound>5.6632962</upperBound></columnDomain><columnproperties/></column><column name="FS (right)" type="Number (double)" index="14"><columnDomain><lowerBound>0.8417955048907035</lowerBound><upperBound>5.344628408684968</upperBound></columnDomain><columnproperties/></column></columns></tableSpec><successors><successor id="148" portIndex="1"/><successor id="152" portIndex="1"/></successors></output><output index="2" type="table"><tableSpec><columns><column name="Altura de terraplén" type="Number (integer)" index="0"><columnDomain><lowerBound>15</lowerBound><upperBound>40</upperBound></columnDomain><columnproperties/></column><column name="Ancho de corona" type="Number (integer)" index="1"><columnDomain><lowerBound>4</lowerBound><upperBound>6</upperBound></columnDomain><columnproperties/></column><column name="Peso específico" type="Number (double)" index="2"><columnDomain><lowerBound>16.5823</lowerBound><upperBound>19.3898</upperBound></columnDomain><columnproperties/></column><column name="Cohesión" type="Number (double)" index="3"><columnDomain><lowerBound>13.8418</lowerBound><upperBound>67.4528</upperBound></columnDomain><columnproperties/></column><column name="Ángulo de fricción interna" type="Number (double)" index="4"><columnDomain><lowerBound>12.5548</lowerBound><upperBound>29.4595</upperBound></columnDomain><columnproperties/></column><column name="Pemeabilidad saturada" type="Number (double)" index="5"><columnDomain><lowerBound>4.28574E-8</lowerBound><upperBound>7.74547E-6</upperBound></columnDomain><columnproperties/></column><column name="Contenido volumétrico de agua" type="Number (double)" index="6"><columnDomain><lowerBound>0.378381604073838</lowerBound><upperBound>0.553114568018197</upperBound></columnDomain><columnproperties/></column><column name="Índice de compresibilidad volumétrica" type="Number (double)" index="7"><columnDomain><lowerBound>3.99675463523619E-5</lowerBound><upperBound>1.89886998247343E-4</upperBound></columnDomain><columnproperties/></column><column name="Diámetro efectivo para el 60%" type="Number (double)" index="8"><columnDomain><lowerBound>0.0075</lowerBound><upperBound>0.25</upperBound></columnDomain><columnproperties/></column><column name="Diámetro efectivo para el 10%" type="Number (double)" index="9"><columnDomain><lowerBound>0.0025</lowerBound><upperBound>0.027</upperBound></columnDomain><columnproperties/></column><column name="Límite líquido" type="Number (double)" index="10"><columnDomain><lowerBound>33.2495</lowerBound><upperBound>72.0452</upperBound></columnDomain><columnproperties/></column><column name="Velocidad" type="Number (double)" index="11"><columnDomain><lowerBound>0.1</lowerBound><upperBound>0.3</upperBound></columnDomain><columnproperties/></column><column name="Tiempo" type="Number (integer)" index="12"><columnDomain><lowerBound>0</lowerBound><upperBound>350</upperBound></columnDomain><columnproperties/></column><column name="FS" type="Number (double)" index="13"><columnDomain><lowerBound>0.11169939</lowerBound><upperBound>5.6632962</upperBound></columnDomain><columnproperties/></column></columns></tableSpec></output><output index="3" type="table"><tableSpec><columns><column name="FS" type="Number (double)" index="0"><columnDomain><lowerBound>0.8417955048907035</lowerBound><upperBound>5.344628408684968</upperBound></columnDomain><columnproperties/></column></columns></tableSpec></output></outputs></node><node id="148" name="Excel Writer" type="Sink" state="EXECUTED" graphDepth="9" annotation=""><factoryKey className="org.knime.ext.poi3.node.io.filehandling.excel.writer.ExcelTableWriterNodeFactory"/><settings><setting key="excel_format_Internals" type="config"><settings><setting key="SettingsModelID" value="SMID_string" type="xstring"/><setting key="EnabledStatus" value="true" type="xboolean"/></settings></setting><setting key="excel_format" value="XLSX" type="xstring"/><setting key="file_selection_Internals" type="config"><settings><setting key="SettingsModelID" value="SMID_WriterFileChooser" type="xstring"/><setting key="EnabledStatus" value="true" type="xboolean"/></settings></setting><setting key="file_selection" type="config"><settings><setting key="file_system_chooser__Internals" type="config"><settings><setting key="has_fs_port" value="false" type="xboolean"/><setting key="overwritten_by_variable" value="false" type="xboolean"/><setting key="convenience_fs_category" value="LOCAL" type="xstring"/><setting key="relative_to" value="knime.workflow.data" type="xstring"/><setting key="mountpoint" value="LOCAL" type="xstring"/><setting key="spaceId" value="" type="xstring"/><setting key="spaceName" value="" type="xstring"/><setting key="custom_url_timeout" value="1000" type="xint"/><setting key="connected_fs" value="true" type="xboolean"/></settings></setting><setting key="path" type="config"><settings><setting key="location_present" value="true" type="xboolean"/><setting key="file_system_type" value="LOCAL" type="xstring"/><setting key="path" value="E:\DOCTORADO\CAPITULO 3\KNIME\NUEVO OKOK\RNA\Tiempo como variable\Tiempo en días.xlsx" type="xstring"/></settings></setting><setting key="filter_mode_Internals" type="config"><settings><setting key="SettingsModelID" value="SMID_FilterMode" type="xstring"/><setting key="EnabledStatus" value="true" type="xboolean"/></settings></setting><setting key="create_missing_folders" value="false" type="xboolean"/><setting key="if_path_exists" value="overwrite" type="xstring"/></settings></setting><setting key="sheet_names" type="config"><settings><setting key="array-size" value="1" type="xint"/><setting key="0" value="default_1" type="xstring"/></settings></setting><setting key="if_sheet_exists_Internals" type="config"><settings><setting key="SettingsModelID" value="SMID_string" type="xstring"/><setting key="EnabledStatus" value="false" type="xboolean"/></settings></setting><setting key="if_sheet_exists" value="FAIL" type="xstring"/><setting key="write_row_key_Internals" type="config"><settings><setting key="SettingsModelID" value="SMID_boolean" type="xstring"/><setting key="EnabledStatus" value="true" type="xboolean"/></settings></setting><setting key="write_row_key" value="false" type="xboolean"/><setting key="write_column_header_Internals" type="config"><settings><setting key="SettingsModelID" value="SMID_boolean" type="xstring"/><setting key="EnabledStatus" value="true" type="xboolean"/></settings></setting><setting key="write_column_header" value="true" type="xboolean"/><setting key="skip_column_header_on_append_Internals" type="config"><settings><setting key="SettingsModelID" value="SMID_boolean" type="xstring"/><setting key="EnabledStatus" value="true" type="xboolean"/></settings></setting><setting key="skip_column_header_on_append" value="true" type="xboolean"/><setting key="replace_missings_Internals" type="config"><settings><setting key="SettingsModelID" value="SMID_boolean" type="xstring"/><setting key="EnabledStatus" value="true" type="xboolean"/></settings></setting><setting key="replace_missings" value="false" type="xboolean"/><setting key="missing_value_pattern_Internals" type="config"><settings><setting key="SettingsModelID" value="SMID_string" type="xstring"/><setting key="EnabledStatus" value="true" type="xboolean"/></settings></setting><setting key="missing_value_pattern" value="" type="xstring"/><setting key="evaluate_formulas_Internals" type="config"><settings><setting key="SettingsModelID" value="SMID_boolean" type="xstring"/><setting key="EnabledStatus" value="false" type="xboolean"/></settings></setting><setting key="evaluate_formulas" value="false" type="xboolean"/><setting key="autosize_columns_Internals" type="config"><settings><setting key="SettingsModelID" value="SMID_boolean" type="xstring"/><setting key="EnabledStatus" value="true" type="xboolean"/></settings></setting><setting key="autosize_columns" value="false" type="xboolean"/><setting key="layout_Internals" type="config"><settings><setting key="SettingsModelID" value="SMID_string" type="xstring"/><setting key="EnabledStatus" value="true" type="xboolean"/></settings></setting><setting key="layout" value="PORTRAIT" type="xstring"/><setting key="paper_size_Internals" type="config"><settings><setting key="SettingsModelID" value="SMID_string" type="xstring"/><setting key="EnabledStatus" value="true" type="xboolean"/></settings></setting><setting key="paper_size" value="A4_PAPERSIZE" type="xstring"/><setting key="open_file_after_exec_Internals_Internals" type="config"><settings><setting key="SettingsModelID" value="SMID_boolean" type="xstring"/><setting key="EnabledStatus" value="true" type="xboolean"/></settings></setting><setting key="open_file_after_exec_Internals" value="false" type="xboolean"/></settings><outputs><output index="0" type="flowvariable port"/></outputs></node><node id="152" name="Numeric Scorer" type="Other" state="EXECUTED" graphDepth="9" annotation=""><factoryKey className="org.knime.base.node.mine.scorer.numeric2.NumericScorer2NodeFactory"/><settings><setting key="reference_Internals" type="config"><settings><setting key="SettingsModelID" value="SMID_string" type="xstring"/><setting key="EnabledStatus" value="true" type="xboolean"/></settings></setting><setting key="reference" type="config"><settings><setting key="useRowID" value="false" type="xboolean"/><setting key="columnName" value="FS" type="xstring"/></settings></setting><setting key="predicted_Internals" type="config"><settings><setting key="SettingsModelID" value="SMID_string" type="xstring"/><setting key="EnabledStatus" value="true" type="xboolean"/></settings></setting><setting key="predicted" type="config"><settings><setting key="useRowID" value="false" type="xboolean"/><setting key="columnName" value="FS (right)" type="xstring"/></settings></setting><setting key="override default output name_Internals" type="config"><settings><setting key="SettingsModelID" value="SMID_boolean" type="xstring"/><setting key="EnabledStatus" value="true" type="xboolean"/></settings></setting><setting key="override default output name" value="false" type="xboolean"/><setting key="output column_Internals" type="config"><settings><setting key="SettingsModelID" value="SMID_string" type="xstring"/><setting key="EnabledStatus" value="false" type="xboolean"/></settings></setting><setting key="output column" value="FS (right)" type="xstring"/><setting key="name prefix for flowvars_Internals" type="config"><settings><setting key="SettingsModelID" value="SMID_string" type="xstring"/><setting key="EnabledStatus" value="false" type="xboolean"/></settings></setting><setting key="name prefix for flowvars" value="" type="xstring"/><setting key="generate flow variables_Internals" type="config"><settings><setting key="SettingsModelID" value="SMID_boolean" type="xstring"/><setting key="EnabledStatus" value="true" type="xboolean"/></settings></setting><setting key="generate flow variables" value="false" type="xboolean"/><setting key="number_of_predictors_Internals" type="config"><settings><setting key="SettingsModelID" value="SMID_integer" type="xstring"/><setting key="EnabledStatus" value="true" type="xboolean"/></settings></setting><setting key="number_of_predictors" value="0" type="xint"/></settings><outputs><output index="0" type="flowvariable port"/><output index="1" type="table"><tableSpec><columns><column name="FS (right)" type="Number (double)" index="0"><columnDomain><lowerBound>-6.752090614663745E-4</lowerBound><upperBound>0.9747425420080496</upperBound></columnDomain><columnproperties/></column></columns></tableSpec></output></outputs></node></nodes><annotations/><metadata author="Janet" creationDate="2023-06-14"><description>Rapid Drawdown ANN Time in days 

There has been no description set for this workflow's metadata.</description></metadata></workflow></WorkflowSummary>