{"version":"1.0.0","summaryCreationDateTime":"2024-11-14 19:59:13 -0800","workflow":{"nodes":[{"id":"21","name":"Excel Reader","type":"Source","state":"EXECUTED","graphDepth":0,"annotation":"Rapid Drawdown\r\nTime in days","factoryKey":{"className":"org.knime.ext.poi3.node.io.filehandling.excel.reader.ExcelTableReaderNodeFactory"},"settings":[{"key":"table_spec_config_Internals","type":"config","settings":[{"key":"version","value":"V4_4","type":"xstring"},{"key":"individual_specs","type":"config","settings":[{"key":"E:\\DOCTORADO\\CAPITULO 3\\KNIME\\NUEVO OKOK\\Regresión lineal\\Con el tiempo como variable\\Datos nuevos para poner el tiempo como variable (días ajustados).xlsx","type":"config","settings":[{"key":"num_columns","value":"14","type":"xint"},{"key":"0","type":"config","settings":[{"key":"name","value":"Altura de terraplén","type":"xstring"},{"key":"has_type","value":"true","type":"xboolean"},{"key":"type","type":"config","settings":[{"key":"type","value":"INT","type":"xstring"}]}]},{"key":"1","type":"config","settings":[{"key":"name","value":"Ancho de corona","type":"xstring"},{"key":"has_type","value":"true","type":"xboolean"},{"key":"type","type":"config","settings":[{"key":"type","value":"INT","type":"xstring"}]}]},{"key":"2","type":"config","settings":[{"key":"name","value":"Peso específico","type":"xstring"},{"key":"has_type","value":"true","type":"xboolean"},{"key":"type","type":"config","settings":[{"key":"type","value":"DOUBLE","type":"xstring"}]}]},{"key":"3","type":"config","settings":[{"key":"name","value":"Cohesión","type":"xstring"},{"key":"has_type","value":"true","type":"xboolean"},{"key":"type","type":"config","settings":[{"key":"type","value":"DOUBLE","type":"xstring"}]}]},{"key":"4","type":"config","settings":[{"key":"name","value":"Ángulo de fricción interna","type":"xstring"},{"key":"has_type","value":"true","type":"xboolean"},{"key":"type","type":"config","settings":[{"key":"type","value":"DOUBLE","type":"xstring"}]}]},{"key":"5","type":"config","settings":[{"key":"name","value":"Pemeabilidad saturada","type":"xstring"},{"key":"has_type","value":"true","type":"xboolean"},{"key":"type","type":"config","settings":[{"key":"type","value":"DOUBLE","type":"xstring"}]}]},{"key":"6","type":"config","settings":[{"key":"name","value":"Contenido volumétrico de agua","type":"xstring"},{"key":"has_type","value":"true","type":"xboolean"},{"key":"type","type":"config","settings":[{"key":"type","value":"DOUBLE","type":"xstring"}]}]},{"key":"7","type":"config","settings":[{"key":"name","value":"Índice de compresibilidad volumétrica","type":"xstring"},{"key":"has_type","value":"true","type":"xboolean"},{"key":"type","type":"config","settings":[{"key":"type","value":"DOUBLE","type":"xstring"}]}]},{"key":"8","type":"config","settings":[{"key":"name","value":"Diámetro efectivo para el 60%","type":"xstring"},{"key":"has_type","value":"true","type":"xboolean"},{"key":"type","type":"config","settings":[{"key":"type","value":"DOUBLE","type":"xstring"}]}]},{"key":"9","type":"config","settings":[{"key":"name","value":"Diámetro efectivo para el 10%","type":"xstring"},{"key":"has_type","value":"true","type":"xboolean"},{"key":"type","type":"config","settings":[{"key":"type","value":"DOUBLE","type":"xstring"}]}]},{"key":"10","type":"config","settings":[{"key":"name","value":"Límite líquido","type":"xstring"},{"key":"has_type","value":"true","type":"xboolean"},{"key":"type","type":"config","settings":[{"key":"type","value":"DOUBLE","type":"xstring"}]}]},{"key":"11","type":"config","settings":[{"key":"name","value":"Velocidad","type":"xstring"},{"key":"has_type","value":"true","type":"xboolean"},{"key":"type","type":"config","settings":[{"key":"type","value":"DOUBLE","type":"xstring"}]}]},{"key":"12","type":"config","settings":[{"key":"name","value":"Tiempo","type":"xstring"},{"key":"has_type","value":"true","type":"xboolean"},{"key":"type","type":"config","settings":[{"key":"type","value":"INT","type":"xstring"}]}]},{"key":"13","type":"config","settings":[{"key":"name","value":"FS","type":"xstring"},{"key":"has_type","value":"true","type":"xboolean"},{"key":"type","type":"config","settings":[{"key":"type","value":"DOUBLE","type":"xstring"}]}]}]}]},{"key":"table_transformation","type":"config","settings":[{"key":"columns","type":"config","settings":[{"key":"0","type":"config","settings":[{"key":"external_spec","type":"config","settings":[{"key":"name","value":"Altura de terraplén","type":"xstring"},{"key":"has_type","value":"true","type":"xboolean"},{"key":"type","type":"config","settings":[{"key":"type","value":"INT","type":"xstring"}]}]},{"key":"name","value":"Altura de terraplén","type":"xstring"},{"key":"keep","value":"true","type":"xboolean"},{"key":"position","value":"0","type":"xint"},{"key":"production_path","type":"config","settings":[{"key":"_converter","value":"org.knime.core.data.def.IntCell$IntCellFactory.create(class java.lang.Integer)","type":"xstring"},{"key":"_converter_src","value":"java.lang.Integer","type":"xstring"},{"key":"_converter_dst","value":"Number (integer)","type":"xstring"},{"key":"_converter_name","value":"Integer","type":"xstring"},{"key":"_converter_config","type":"config","settings":[]},{"key":"_producer","value":"INT->java.lang.Integer","type":"xstring"},{"key":"_producer_src","value":"INT","type":"xstring"},{"key":"_producer_dst","value":"java.lang.Integer","type":"xstring"},{"key":"_producer_name","value":"java.lang.Integer","type":"xstring"},{"key":"_producer_config","type":"config","settings":[]}]}]},{"key":"1","type":"config","settings":[{"key":"external_spec","type":"config","settings":[{"key":"name","value":"Ancho de corona","type":"xstring"},{"key":"has_type","value":"true","type":"xboolean"},{"key":"type","type":"config","settings":[{"key":"type","value":"INT","type":"xstring"}]}]},{"key":"name","value":"Ancho de corona","type":"xstring"},{"key":"keep","value":"true","type":"xboolean"},{"key":"position","value":"1","type":"xint"},{"key":"production_path","type":"config","settings":[{"key":"_converter","value":"org.knime.core.data.def.IntCell$IntCellFactory.create(class java.lang.Integer)","type":"xstring"},{"key":"_converter_src","value":"java.lang.Integer","type":"xstring"},{"key":"_converter_dst","value":"Number (integer)","type":"xstring"},{"key":"_converter_name","value":"Integer","type":"xstring"},{"key":"_converter_config","type":"config","settings":[]},{"key":"_producer","value":"INT->java.lang.Integer","type":"xstring"},{"key":"_producer_src","value":"INT","type":"xstring"},{"key":"_producer_dst","value":"java.lang.Integer","type":"xstring"},{"key":"_producer_name","value":"java.lang.Integer","type":"xstring"},{"key":"_producer_config","type":"config","settings":[]}]}]},{"key":"2","type":"config","settings":[{"key":"external_spec","type":"config","settings":[{"key":"name","value":"Peso específico","type":"xstring"},{"key":"has_type","value":"true","type":"xboolean"},{"key":"type","type":"config","settings":[{"key":"type","value":"DOUBLE","type":"xstring"}]}]},{"key":"name","value":"Peso específico","type":"xstring"},{"key":"keep","value":"true","type":"xboolean"},{"key":"position","value":"2","type":"xint"},{"key":"production_path","type":"config","settings":[{"key":"_converter","value":"org.knime.core.data.def.DoubleCell$DoubleCellFactory.create(class java.lang.Double)","type":"xstring"},{"key":"_converter_src","value":"java.lang.Double","type":"xstring"},{"key":"_converter_dst","value":"Number (double)","type":"xstring"},{"key":"_converter_name","value":"Double","type":"xstring"},{"key":"_converter_config","type":"config","settings":[]},{"key":"_producer","value":"DOUBLE->java.lang.Double","type":"xstring"},{"key":"_producer_src","value":"DOUBLE","type":"xstring"},{"key":"_producer_dst","value":"java.lang.Double","type":"xstring"},{"key":"_producer_name","value":"java.lang.Double","type":"xstring"},{"key":"_producer_config","type":"config","settings":[]}]}]},{"key":"3","type":"config","settings":[{"key":"external_spec","type":"config","settings":[{"key":"name","value":"Cohesión","type":"xstring"},{"key":"has_type","value":"true","type":"xboolean"},{"key":"type","type":"config","settings":[{"key":"type","value":"DOUBLE","type":"xstring"}]}]},{"key":"name","value":"Cohesión","type":"xstring"},{"key":"keep","value":"true","type":"xboolean"},{"key":"position","value":"3","type":"xint"},{"key":"production_path","type":"config","settings":[{"key":"_converter","value":"org.knime.core.data.def.DoubleCell$DoubleCellFactory.create(class java.lang.Double)","type":"xstring"},{"key":"_converter_src","value":"java.lang.Double","type":"xstring"},{"key":"_converter_dst","value":"Number (double)","type":"xstring"},{"key":"_converter_name","value":"Double","type":"xstring"},{"key":"_converter_config","type":"config","settings":[]},{"key":"_producer","value":"DOUBLE->java.lang.Double","type":"xstring"},{"key":"_producer_src","value":"DOUBLE","type":"xstring"},{"key":"_producer_dst","value":"java.lang.Double","type":"xstring"},{"key":"_producer_name","value":"java.lang.Double","type":"xstring"},{"key":"_producer_config","type":"config","settings":[]}]}]},{"key":"4","type":"config","settings":[{"key":"external_spec","type":"config","settings":[{"key":"name","value":"Ángulo de fricción interna","type":"xstring"},{"key":"has_type","value":"true","type":"xboolean"},{"key":"type","type":"config","settings":[{"key":"type","value":"DOUBLE","type":"xstring"}]}]},{"key":"name","value":"Ángulo de fricción interna","type":"xstring"},{"key":"keep","value":"true","type":"xboolean"},{"key":"position","value":"4","type":"xint"},{"key":"production_path","type":"config","settings":[{"key":"_converter","value":"org.knime.core.data.def.DoubleCell$DoubleCellFactory.create(class java.lang.Double)","type":"xstring"},{"key":"_converter_src","value":"java.lang.Double","type":"xstring"},{"key":"_converter_dst","value":"Number (double)","type":"xstring"},{"key":"_converter_name","value":"Double","type":"xstring"},{"key":"_converter_config","type":"config","settings":[]},{"key":"_producer","value":"DOUBLE->java.lang.Double","type":"xstring"},{"key":"_producer_src","value":"DOUBLE","type":"xstring"},{"key":"_producer_dst","value":"java.lang.Double","type":"xstring"},{"key":"_producer_name","value":"java.lang.Double","type":"xstring"},{"key":"_producer_config","type":"config","settings":[]}]}]},{"key":"5","type":"config","settings":[{"key":"external_spec","type":"config","settings":[{"key":"name","value":"Pemeabilidad saturada","type":"xstring"},{"key":"has_type","value":"true","type":"xboolean"},{"key":"type","type":"config","settings":[{"key":"type","value":"DOUBLE","type":"xstring"}]}]},{"key":"name","value":"Pemeabilidad saturada","type":"xstring"},{"key":"keep","value":"true","type":"xboolean"},{"key":"position","value":"5","type":"xint"},{"key":"production_path","type":"config","settings":[{"key":"_converter","value":"org.knime.core.data.def.DoubleCell$DoubleCellFactory.create(class java.lang.Double)","type":"xstring"},{"key":"_converter_src","value":"java.lang.Double","type":"xstring"},{"key":"_converter_dst","value":"Number (double)","type":"xstring"},{"key":"_converter_name","value":"Double","type":"xstring"},{"key":"_converter_config","type":"config","settings":[]},{"key":"_producer","value":"DOUBLE->java.lang.Double","type":"xstring"},{"key":"_producer_src","value":"DOUBLE","type":"xstring"},{"key":"_producer_dst","value":"java.lang.Double","type":"xstring"},{"key":"_producer_name","value":"java.lang.Double","type":"xstring"},{"key":"_producer_config","type":"config","settings":[]}]}]},{"key":"6","type":"config","settings":[{"key":"external_spec","type":"config","settings":[{"key":"name","value":"Contenido volumétrico de agua","type":"xstring"},{"key":"has_type","value":"true","type":"xboolean"},{"key":"type","type":"config","settings":[{"key":"type","value":"DOUBLE","type":"xstring"}]}]},{"key":"name","value":"Contenido volumétrico de agua","type":"xstring"},{"key":"keep","value":"true","type":"xboolean"},{"key":"position","value":"6","type":"xint"},{"key":"production_path","type":"config","settings":[{"key":"_converter","value":"org.knime.core.data.def.DoubleCell$DoubleCellFactory.create(class java.lang.Double)","type":"xstring"},{"key":"_converter_src","value":"java.lang.Double","type":"xstring"},{"key":"_converter_dst","value":"Number (double)","type":"xstring"},{"key":"_converter_name","value":"Double","type":"xstring"},{"key":"_converter_config","type":"config","settings":[]},{"key":"_producer","value":"DOUBLE->java.lang.Double","type":"xstring"},{"key":"_producer_src","value":"DOUBLE","type":"xstring"},{"key":"_producer_dst","value":"java.lang.Double","type":"xstring"},{"key":"_producer_name","value":"java.lang.Double","type":"xstring"},{"key":"_producer_config","type":"config","settings":[]}]}]},{"key":"7","type":"config","settings":[{"key":"external_spec","type":"config","settings":[{"key":"name","value":"Índice de compresibilidad volumétrica","type":"xstring"},{"key":"has_type","value":"true","type":"xboolean"},{"key":"type","type":"config","settings":[{"key":"type","value":"DOUBLE","type":"xstring"}]}]},{"key":"name","value":"Índice de compresibilidad volumétrica","type":"xstring"},{"key":"keep","value":"true","type":"xboolean"},{"key":"position","value":"7","type":"xint"},{"key":"production_path","type":"config","settings":[{"key":"_converter","value":"org.knime.core.data.def.DoubleCell$DoubleCellFactory.create(class java.lang.Double)","type":"xstring"},{"key":"_converter_src","value":"java.lang.Double","type":"xstring"},{"key":"_converter_dst","value":"Number (double)","type":"xstring"},{"key":"_converter_name","value":"Double","type":"xstring"},{"key":"_converter_config","type":"config","settings":[]},{"key":"_producer","value":"DOUBLE->java.lang.Double","type":"xstring"},{"key":"_producer_src","value":"DOUBLE","type":"xstring"},{"key":"_producer_dst","value":"java.lang.Double","type":"xstring"},{"key":"_producer_name","value":"java.lang.Double","type":"xstring"},{"key":"_producer_config","type":"config","settings":[]}]}]},{"key":"8","type":"config","settings":[{"key":"external_spec","type":"config","settings":[{"key":"name","value":"Diámetro efectivo para el 60%","type":"xstring"},{"key":"has_type","value":"true","type":"xboolean"},{"key":"type","type":"config","settings":[{"key":"type","value":"DOUBLE","type":"xstring"}]}]},{"key":"name","value":"Diámetro efectivo para el 60%","type":"xstring"},{"key":"keep","value":"true","type":"xboolean"},{"key":"position","value":"8","type":"xint"},{"key":"production_path","type":"config","settings":[{"key":"_converter","value":"org.knime.core.data.def.DoubleCell$DoubleCellFactory.create(class java.lang.Double)","type":"xstring"},{"key":"_converter_src","value":"java.lang.Double","type":"xstring"},{"key":"_converter_dst","value":"Number (double)","type":"xstring"},{"key":"_converter_name","value":"Double","type":"xstring"},{"key":"_converter_config","type":"config","settings":[]},{"key":"_producer","value":"DOUBLE->java.lang.Double","type":"xstring"},{"key":"_producer_src","value":"DOUBLE","type":"xstring"},{"key":"_producer_dst","value":"java.lang.Double","type":"xstring"},{"key":"_producer_name","value":"java.lang.Double","type":"xstring"},{"key":"_producer_config","type":"config","settings":[]}]}]},{"key":"9","type":"config","settings":[{"key":"external_spec","type":"config","settings":[{"key":"name","value":"Diámetro efectivo para el 10%","type":"xstring"},{"key":"has_type","value":"true","type":"xboolean"},{"key":"type","type":"config","settings":[{"key":"type","value":"DOUBLE","type":"xstring"}]}]},{"key":"name","value":"Diámetro efectivo para el 10%","type":"xstring"},{"key":"keep","value":"true","type":"xboolean"},{"key":"position","value":"9","type":"xint"},{"key":"production_path","type":"config","settings":[{"key":"_converter","value":"org.knime.core.data.def.DoubleCell$DoubleCellFactory.create(class java.lang.Double)","type":"xstring"},{"key":"_converter_src","value":"java.lang.Double","type":"xstring"},{"key":"_converter_dst","value":"Number (double)","type":"xstring"},{"key":"_converter_name","value":"Double","type":"xstring"},{"key":"_converter_config","type":"config","settings":[]},{"key":"_producer","value":"DOUBLE->java.lang.Double","type":"xstring"},{"key":"_producer_src","value":"DOUBLE","type":"xstring"},{"key":"_producer_dst","value":"java.lang.Double","type":"xstring"},{"key":"_producer_name","value":"java.lang.Double","type":"xstring"},{"key":"_producer_config","type":"config","settings":[]}]}]},{"key":"10","type":"config","settings":[{"key":"external_spec","type":"config","settings":[{"key":"name","value":"Límite líquido","type":"xstring"},{"key":"has_type","value":"true","type":"xboolean"},{"key":"type","type":"config","settings":[{"key":"type","value":"DOUBLE","type":"xstring"}]}]},{"key":"name","value":"Límite líquido","type":"xstring"},{"key":"keep","value":"true","type":"xboolean"},{"key":"position","value":"10","type":"xint"},{"key":"production_path","type":"config","settings":[{"key":"_converter","value":"org.knime.core.data.def.DoubleCell$DoubleCellFactory.create(class java.lang.Double)","type":"xstring"},{"key":"_converter_src","value":"java.lang.Double","type":"xstring"},{"key":"_converter_dst","value":"Number (double)","type":"xstring"},{"key":"_converter_name","value":"Double","type":"xstring"},{"key":"_converter_config","type":"config","settings":[]},{"key":"_producer","value":"DOUBLE->java.lang.Double","type":"xstring"},{"key":"_producer_src","value":"DOUBLE","type":"xstring"},{"key":"_producer_dst","value":"java.lang.Double","type":"xstring"},{"key":"_producer_name","value":"java.lang.Double","type":"xstring"},{"key":"_producer_config","type":"config","settings":[]}]}]},{"key":"11","type":"config","settings":[{"key":"external_spec","type":"config","settings":[{"key":"name","value":"Velocidad","type":"xstring"},{"key":"has_type","value":"true","type":"xboolean"},{"key":"type","type":"config","settings":[{"key":"type","value":"DOUBLE","type":"xstring"}]}]},{"key":"name","value":"Velocidad","type":"xstring"},{"key":"keep","value":"true","type":"xboolean"},{"key":"position","value":"11","type":"xint"},{"key":"production_path","type":"config","settings":[{"key":"_converter","value":"org.knime.core.data.def.DoubleCell$DoubleCellFactory.create(class java.lang.Double)","type":"xstring"},{"key":"_converter_src","value":"java.lang.Double","type":"xstring"},{"key":"_converter_dst","value":"Number (double)","type":"xstring"},{"key":"_converter_name","value":"Double","type":"xstring"},{"key":"_converter_config","type":"config","settings":[]},{"key":"_producer","value":"DOUBLE->java.lang.Double","type":"xstring"},{"key":"_producer_src","value":"DOUBLE","type":"xstring"},{"key":"_producer_dst","value":"java.lang.Double","type":"xstring"},{"key":"_producer_name","value":"java.lang.Double","type":"xstring"},{"key":"_producer_config","type":"config","settings":[]}]}]},{"key":"12","type":"config","settings":[{"key":"external_spec","type":"config","settings":[{"key":"name","value":"Tiempo","type":"xstring"},{"key":"has_type","value":"true","type":"xboolean"},{"key":"type","type":"config","settings":[{"key":"type","value":"INT","type":"xstring"}]}]},{"key":"name","value":"Tiempo","type":"xstring"},{"key":"keep","value":"true","type":"xboolean"},{"key":"position","value":"12","type":"xint"},{"key":"production_path","type":"config","settings":[{"key":"_converter","value":"org.knime.core.data.def.IntCell$IntCellFactory.create(class java.lang.Integer)","type":"xstring"},{"key":"_converter_src","value":"java.lang.Integer","type":"xstring"},{"key":"_converter_dst","value":"Number (integer)","type":"xstring"},{"key":"_converter_name","value":"Integer","type":"xstring"},{"key":"_converter_config","type":"config","settings":[]},{"key":"_producer","value":"INT->java.lang.Integer","type":"xstring"},{"key":"_producer_src","value":"INT","type":"xstring"},{"key":"_producer_dst","value":"java.lang.Integer","type":"xstring"},{"key":"_producer_name","value":"java.lang.Integer","type":"xstring"},{"key":"_producer_config","type":"config","settings":[]}]}]},{"key":"13","type":"config","settings":[{"key":"external_spec","type":"config","settings":[{"key":"name","value":"FS","type":"xstring"},{"key":"has_type","value":"true","type":"xboolean"},{"key":"type","type":"config","settings":[{"key":"type","value":"DOUBLE","type":"xstring"}]}]},{"key":"name","value":"FS","type":"xstring"},{"key":"keep","value":"true","type":"xboolean"},{"key":"position","value":"13","type":"xint"},{"key":"production_path","type":"config","settings":[{"key":"_converter","value":"org.knime.core.data.def.DoubleCell$DoubleCellFactory.create(class java.lang.Double)","type":"xstring"},{"key":"_converter_src","value":"java.lang.Double","type":"xstring"},{"key":"_converter_dst","value":"Number (double)","type":"xstring"},{"key":"_converter_name","value":"Double","type":"xstring"},{"key":"_converter_config","type":"config","settings":[]},{"key":"_producer","value":"DOUBLE->java.lang.Double","type":"xstring"},{"key":"_producer_src","value":"DOUBLE","type":"xstring"},{"key":"_producer_dst","value":"java.lang.Double","type":"xstring"},{"key":"_producer_name","value":"java.lang.Double","type":"xstring"},{"key":"_producer_config","type":"config","settings":[]}]}]},{"key":"num_columns","value":"14","type":"xint"},{"key":"intersection_indices","type":"config","settings":[{"key":"array-size","value":"14","type":"xint"},{"key":"0","value":"0","type":"xint"},{"key":"1","value":"1","type":"xint"},{"key":"2","value":"2","type":"xint"},{"key":"3","value":"3","type":"xint"},{"key":"4","value":"4","type":"xint"},{"key":"5","value":"5","type":"xint"},{"key":"6","value":"6","type":"xint"},{"key":"7","value":"7","type":"xint"},{"key":"8","value":"8","type":"xint"},{"key":"9","value":"9","type":"xint"},{"key":"10","value":"10","type":"xint"},{"key":"11","value":"11","type":"xint"},{"key":"12","value":"12","type":"xint"},{"key":"13","value":"13","type":"xint"}]}]},{"key":"skip_empty_columns","value":"false","type":"xboolean"},{"key":"enforce_types","value":"true","type":"xboolean"},{"key":"column_filter_mode","value":"UNION","type":"xstring"},{"key":"unknown_columns_transformation","type":"config","settings":[{"key":"position","value":"14","type":"xint"},{"key":"keep","value":"true","type":"xboolean"},{"key":"force_type","value":"false","type":"xboolean"}]}]},{"key":"source_group_id","value":"E:\\DOCTORADO\\CAPITULO 3\\KNIME\\NUEVO OKOK\\Regresión lineal\\Con el tiempo como variable\\Datos nuevos para poner el tiempo como variable (días ajustados).xlsx","type":"xstring"},{"key":"config_id","type":"config","settings":[{"key":"excel_reader","type":"config","settings":[{"key":"settings","type":"config","settings":[{"key":"sheet_selection","value":"FIRST","type":"xstring"},{"key":"sheet_name","value":"Sheet1","type":"xstring"},{"key":"sheet_index","value":"0","type":"xint"},{"key":"table_contains_column_names","value":"true","type":"xboolean"},{"key":"column_names_row_number","value":"1","type":"xlong"},{"key":"row_id","value":"GENERATE","type":"xstring"},{"key":"row_id_column","value":"A","type":"xstring"},{"key":"sheet_area","value":"ENTIRE","type":"xstring"},{"key":"read_from_column","value":"A","type":"xstring"},{"key":"read_to_column","value":"","type":"xstring"},{"key":"read_from_row","value":"1","type":"xstring"},{"key":"read_to_row","value":"","type":"xstring"},{"key":"empty_col_header_prefix","value":"empty_","type":"xstring"},{"key":"column_name_mode","value":"EXCEL_COL_NAME","type":"xstring"}]},{"key":"advanced_settings","type":"config","settings":[{"key":"skip_hidden_columns","value":"true","type":"xboolean"},{"key":"skip_empty_cols","value":"false","type":"xboolean"},{"key":"skip_hidden_rows","value":"true","type":"xboolean"},{"key":"formula_error_handling","value":"PATTERN","type":"xstring"},{"key":"reevaluate_formulas","value":"false","type":"xboolean"},{"key":"use_15_digits_precision","value":"true","type":"xboolean"},{"key":"replace_empty_strings_with_missings","value":"true","type":"xboolean"},{"key":"limit_data_rows_scanned","value":"true","type":"xboolean"},{"key":"max_data_rows_scanned","value":"10000","type":"xlong"}]}]}]}]},{"key":"settings","type":"config","settings":[{"key":"sheet_selection","value":"FIRST","type":"xstring"},{"key":"sheet_name","value":"Sheet1","type":"xstring"},{"key":"sheet_index","value":"0","type":"xint"},{"key":"table_contains_column_names","value":"true","type":"xboolean"},{"key":"column_names_row_number","value":"1","type":"xlong"},{"key":"row_id","value":"GENERATE","type":"xstring"},{"key":"row_id_column","value":"A","type":"xstring"},{"key":"sheet_area","value":"ENTIRE","type":"xstring"},{"key":"read_from_column","value":"A","type":"xstring"},{"key":"read_to_column","value":"","type":"xstring"},{"key":"read_from_row","value":"1","type":"xstring"},{"key":"read_to_row","value":"","type":"xstring"},{"key":"empty_col_header_prefix","value":"empty_","type":"xstring"},{"key":"column_name_mode","value":"EXCEL_COL_NAME","type":"xstring"},{"key":"file_selection_Internals","type":"config","settings":[{"key":"SettingsModelID","value":"SMID_ReaderFileChooser","type":"xstring"},{"key":"EnabledStatus","value":"true","type":"xboolean"}]},{"key":"file_selection","type":"config","settings":[{"key":"file_system_chooser__Internals","type":"config","settings":[{"key":"has_fs_port","value":"false","type":"xboolean"},{"key":"overwritten_by_variable","value":"false","type":"xboolean"},{"key":"convenience_fs_category","value":"LOCAL","type":"xstring"},{"key":"relative_to","value":"knime.workflow.data","type":"xstring"},{"key":"mountpoint","value":"LOCAL","type":"xstring"},{"key":"spaceId","value":"","type":"xstring"},{"key":"spaceName","value":"","type":"xstring"},{"key":"custom_url_timeout","value":"1000","type":"xint"},{"key":"connected_fs","value":"true","type":"xboolean"}]},{"key":"path","type":"config","settings":[{"key":"location_present","value":"true","type":"xboolean"},{"key":"file_system_type","value":"LOCAL","type":"xstring"},{"key":"path","value":"E:\\DOCTORADO\\CAPITULO 3\\KNIME\\NUEVO OKOK\\Regresión lineal\\Con el tiempo como variable\\Datos nuevos para poner el tiempo como variable (días ajustados).xlsx","type":"xstring"}]},{"key":"filter_mode_Internals","type":"config","settings":[{"key":"SettingsModelID","value":"SMID_FilterMode","type":"xstring"},{"key":"EnabledStatus","value":"true","type":"xboolean"}]},{"key":"filter_mode","type":"config","settings":[{"key":"filter_mode","value":"FILE","type":"xstring"},{"key":"include_subfolders","value":"false","type":"xboolean"},{"key":"filter_options","type":"config","settings":[{"key":"filter_files_extension","value":"false","type":"xboolean"},{"key":"files_extension_expression","value":"","type":"xstring"},{"key":"files_extension_case_sensitive","value":"false","type":"xboolean"},{"key":"filter_files_name","value":"false","type":"xboolean"},{"key":"files_name_expression","value":"*","type":"xstring"},{"key":"files_name_case_sensitive","value":"false","type":"xboolean"},{"key":"files_name_filter_type","value":"WILDCARD","type":"xstring"},{"key":"include_hidden_files","value":"false","type":"xboolean"},{"key":"include_special_files","value":"true","type":"xboolean"},{"key":"filter_folders_name","value":"false","type":"xboolean"},{"key":"folders_name_expression","value":"*","type":"xstring"},{"key":"folders_name_case_sensitive","value":"false","type":"xboolean"},{"key":"folders_name_filter_type","value":"WILDCARD","type":"xstring"},{"key":"include_hidden_folders","value":"false","type":"xboolean"},{"key":"follow_links","value":"true","type":"xboolean"}]}]}]}]},{"key":"advanced_settings","type":"config","settings":[{"key":"fail_on_differing_specs","value":"true","type":"xboolean"},{"key":"append_path_column_Internals","value":"false","type":"xboolean"},{"key":"path_column_name_Internals","value":"Path","type":"xstring"},{"key":"skip_empty_cols","value":"false","type":"xboolean"},{"key":"skip_empty_rows","value":"true","type":"xboolean"},{"key":"limit_data_rows_scanned","value":"true","type":"xboolean"},{"key":"max_data_rows_scanned","value":"10000","type":"xlong"},{"key":"save_table_spec_config_Internals","value":"true","type":"xboolean"},{"key":"use_15_digits_precision","value":"true","type":"xboolean"},{"key":"skip_hidden_columns","value":"true","type":"xboolean"},{"key":"skip_hidden_rows","value":"true","type":"xboolean"},{"key":"replace_empty_strings_with_missings","value":"true","type":"xboolean"},{"key":"reevaluate_formulas","value":"false","type":"xboolean"},{"key":"formula_error_handling","value":"PATTERN","type":"xstring"},{"key":"formula_error_pattern","value":"#XL_EVAL_ERROR#","type":"xstring"}]},{"key":"encryption","type":"config","settings":[{"key":"password_Internals","type":"config","settings":[{"key":"SettingsModelID","value":"SMID_authentication","type":"xstring"},{"key":"EnabledStatus","value":"true","type":"xboolean"}]},{"key":"password","type":"config","settings":[{"key":"credentials","type":"xstring"},{"key":"username","value":"","type":"xstring"},{"key":"selectedType","value":"NONE","type":"xstring"}]}]}],"outputs":[{"index":0,"type":"flowvariable port"},{"index":1,"type":"table","tableSpec":{"columns":[{"name":"Altura de terraplén","type":"Number (integer)","index":0,"columnDomain":{"lowerBound":"15","upperBound":"40"},"columnProperties":[]},{"name":"Ancho de corona","type":"Number (integer)","index":1,"columnDomain":{"lowerBound":"4","upperBound":"6"},"columnProperties":[]},{"name":"Peso específico","type":"Number (double)","index":2,"columnDomain":{"lowerBound":"16.5823","upperBound":"19.3898"},"columnProperties":[]},{"name":"Cohesión","type":"Number (double)","index":3,"columnDomain":{"lowerBound":"13.8418","upperBound":"67.4528"},"columnProperties":[]},{"name":"Ángulo de fricción interna","type":"Number (double)","index":4,"columnDomain":{"lowerBound":"12.5548","upperBound":"29.4595"},"columnProperties":[]},{"name":"Pemeabilidad saturada","type":"Number (double)","index":5,"columnDomain":{"lowerBound":"4.28574E-8","upperBound":"7.74547E-6"},"columnProperties":[]},{"name":"Contenido volumétrico de agua","type":"Number (double)","index":6,"columnDomain":{"lowerBound":"0.378381604073838","upperBound":"0.553114568018197"},"columnProperties":[]},{"name":"Índice de compresibilidad volumétrica","type":"Number (double)","index":7,"columnDomain":{"lowerBound":"3.99675463523619E-5","upperBound":"1.89886998247343E-4"},"columnProperties":[]},{"name":"Diámetro efectivo para el 60%","type":"Number (double)","index":8,"columnDomain":{"lowerBound":"0.0075","upperBound":"0.25"},"columnProperties":[]},{"name":"Diámetro efectivo para el 10%","type":"Number (double)","index":9,"columnDomain":{"lowerBound":"0.0025","upperBound":"0.027"},"columnProperties":[]},{"name":"Límite líquido","type":"Number (double)","index":10,"columnDomain":{"lowerBound":"33.2495","upperBound":"72.0452"},"columnProperties":[]},{"name":"Velocidad","type":"Number (double)","index":11,"columnDomain":{"lowerBound":"0.1","upperBound":"0.3"},"columnProperties":[]},{"name":"Tiempo","type":"Number (integer)","index":12,"columnDomain":{"lowerBound":"0","upperBound":"350"},"columnProperties":[]},{"name":"FS","type":"Number (double)","index":13,"columnDomain":{"lowerBound":"0.11169939","upperBound":"5.6632962"},"columnProperties":[]}]},"successors":[{"id":"22","portIndex":1}]}]},{"id":"22","name":"Partitioning","type":"Manipulator","state":"EXECUTED","graphDepth":1,"annotation":"","factoryKey":{"className":"org.knime.base.node.preproc.partition.PartitionNodeFactory"},"settings":[{"key":"method","value":"Relative","type":"xstring"},{"key":"samplingMethod","value":"Random","type":"xstring"},{"key":"fraction","value":"0.7","type":"xdouble"},{"key":"count","value":"100","type":"xint"},{"key":"random_seed","type":"xstring"},{"key":"class_column","type":"xstring"}],"outputs":[{"index":0,"type":"flowvariable port"},{"index":1,"type":"table","tableSpec":{"columns":[{"name":"Altura de terraplén","type":"Number (integer)","index":0,"columnDomain":{"lowerBound":"15","upperBound":"40"},"columnProperties":[]},{"name":"Ancho de corona","type":"Number (integer)","index":1,"columnDomain":{"lowerBound":"4","upperBound":"6"},"columnProperties":[]},{"name":"Peso específico","type":"Number (double)","index":2,"columnDomain":{"lowerBound":"16.5823","upperBound":"19.3898"},"columnProperties":[]},{"name":"Cohesión","type":"Number (double)","index":3,"columnDomain":{"lowerBound":"13.8418","upperBound":"67.4528"},"columnProperties":[]},{"name":"Ángulo de fricción interna","type":"Number (double)","index":4,"columnDomain":{"lowerBound":"12.5548","upperBound":"29.4595"},"columnProperties":[]},{"name":"Pemeabilidad saturada","type":"Number (double)","index":5,"columnDomain":{"lowerBound":"4.28574E-8","upperBound":"7.74547E-6"},"columnProperties":[]},{"name":"Contenido volumétrico de agua","type":"Number (double)","index":6,"columnDomain":{"lowerBound":"0.378381604073838","upperBound":"0.553114568018197"},"columnProperties":[]},{"name":"Índice de compresibilidad volumétrica","type":"Number (double)","index":7,"columnDomain":{"lowerBound":"3.99675463523619E-5","upperBound":"1.89886998247343E-4"},"columnProperties":[]},{"name":"Diámetro efectivo para el 60%","type":"Number (double)","index":8,"columnDomain":{"lowerBound":"0.0075","upperBound":"0.25"},"columnProperties":[]},{"name":"Diámetro efectivo para el 10%","type":"Number (double)","index":9,"columnDomain":{"lowerBound":"0.0025","upperBound":"0.027"},"columnProperties":[]},{"name":"Límite líquido","type":"Number (double)","index":10,"columnDomain":{"lowerBound":"33.2495","upperBound":"72.0452"},"columnProperties":[]},{"name":"Velocidad","type":"Number (double)","index":11,"columnDomain":{"lowerBound":"0.1","upperBound":"0.3"},"columnProperties":[]},{"name":"Tiempo","type":"Number (integer)","index":12,"columnDomain":{"lowerBound":"0","upperBound":"350"},"columnProperties":[]},{"name":"FS","type":"Number (double)","index":13,"columnDomain":{"lowerBound":"0.11169939","upperBound":"5.6632962"},"columnProperties":[]}]},"successors":[{"id":"18","portIndex":1}]},{"index":2,"type":"table","tableSpec":{"columns":[{"name":"Altura de terraplén","type":"Number (integer)","index":0,"columnDomain":{"lowerBound":"15","upperBound":"40"},"columnProperties":[]},{"name":"Ancho de corona","type":"Number (integer)","index":1,"columnDomain":{"lowerBound":"4","upperBound":"6"},"columnProperties":[]},{"name":"Peso específico","type":"Number (double)","index":2,"columnDomain":{"lowerBound":"16.5823","upperBound":"19.3898"},"columnProperties":[]},{"name":"Cohesión","type":"Number (double)","index":3,"columnDomain":{"lowerBound":"13.8418","upperBound":"67.4528"},"columnProperties":[]},{"name":"Ángulo de fricción interna","type":"Number (double)","index":4,"columnDomain":{"lowerBound":"12.5548","upperBound":"29.4595"},"columnProperties":[]},{"name":"Pemeabilidad saturada","type":"Number (double)","index":5,"columnDomain":{"lowerBound":"4.28574E-8","upperBound":"7.74547E-6"},"columnProperties":[]},{"name":"Contenido volumétrico de agua","type":"Number (double)","index":6,"columnDomain":{"lowerBound":"0.378381604073838","upperBound":"0.553114568018197"},"columnProperties":[]},{"name":"Índice de compresibilidad volumétrica","type":"Number (double)","index":7,"columnDomain":{"lowerBound":"3.99675463523619E-5","upperBound":"1.89886998247343E-4"},"columnProperties":[]},{"name":"Diámetro efectivo para el 60%","type":"Number (double)","index":8,"columnDomain":{"lowerBound":"0.0075","upperBound":"0.25"},"columnProperties":[]},{"name":"Diámetro efectivo para el 10%","type":"Number (double)","index":9,"columnDomain":{"lowerBound":"0.0025","upperBound":"0.027"},"columnProperties":[]},{"name":"Límite líquido","type":"Number (double)","index":10,"columnDomain":{"lowerBound":"33.2495","upperBound":"72.0452"},"columnProperties":[]},{"name":"Velocidad","type":"Number (double)","index":11,"columnDomain":{"lowerBound":"0.1","upperBound":"0.3"},"columnProperties":[]},{"name":"Tiempo","type":"Number (integer)","index":12,"columnDomain":{"lowerBound":"0","upperBound":"350"},"columnProperties":[]},{"name":"FS","type":"Number (double)","index":13,"columnDomain":{"lowerBound":"0.11169939","upperBound":"5.6632962"},"columnProperties":[]}]},"successors":[{"id":"19","portIndex":2}]}]},{"id":"18","name":"Polynomial Regression Learner","type":"Learner","state":"EXECUTED","graphDepth":2,"annotation":"","factoryKey":{"className":"org.knime.base.node.mine.regression.polynomial.learner2.PolyRegLearnerNodeFactory2"},"settings":[{"key":"degree","value":"2","type":"xint"},{"key":"targetColumn","value":"FS","type":"xstring"},{"key":"maxViewRows","value":"10000","type":"xint"},{"key":"missing_value_handling","value":"fail","type":"xstring"},{"key":"column filter","type":"config","settings":[{"key":"filter-type","value":"STANDARD","type":"xstring"},{"key":"included_names","type":"config","settings":[{"key":"array-size","value":"9","type":"xint"},{"key":"0","value":"Altura de terraplén","type":"xstring"},{"key":"1","value":"Peso específico","type":"xstring"},{"key":"2","value":"Cohesión","type":"xstring"},{"key":"3","value":"Ángulo de fricción interna","type":"xstring"},{"key":"4","value":"Pemeabilidad saturada","type":"xstring"},{"key":"5","value":"Contenido volumétrico de agua","type":"xstring"},{"key":"6","value":"Índice de compresibilidad volumétrica","type":"xstring"},{"key":"7","value":"Velocidad","type":"xstring"},{"key":"8","value":"Tiempo","type":"xstring"}]},{"key":"excluded_names","type":"config","settings":[{"key":"array-size","value":"4","type":"xint"},{"key":"0","value":"Ancho de corona","type":"xstring"},{"key":"1","value":"Diámetro efectivo para el 60%","type":"xstring"},{"key":"2","value":"Diámetro efectivo para el 10%","type":"xstring"},{"key":"3","value":"Límite líquido","type":"xstring"}]},{"key":"enforce_option","value":"EnforceExclusion","type":"xstring"},{"key":"name_pattern","type":"config","settings":[{"key":"pattern","value":"","type":"xstring"},{"key":"type","value":"Regex","type":"xstring"},{"key":"caseSensitive","value":"true","type":"xboolean"},{"key":"excludeMatching","value":"false","type":"xboolean"}]},{"key":"datatype","type":"config","settings":[{"key":"typelist","type":"config","settings":[{"key":"org.knime.core.data.IntValue","value":"false","type":"xboolean"},{"key":"org.knime.core.data.DoubleValue","value":"false","type":"xboolean"}]}]}]}],"outputs":[{"index":0,"type":"flowvariable port"},{"index":1,"type":"PortType(PMMLPortObjectSpec,PMMLPortObject)","successors":[{"id":"19","portIndex":1}]},{"index":2,"type":"table","tableSpec":{"columns":[{"name":"Altura de terraplén","type":"Number (integer)","index":0,"columnDomain":{"lowerBound":"15","upperBound":"40"},"columnProperties":[]},{"name":"Ancho de corona","type":"Number (integer)","index":1,"columnDomain":{"lowerBound":"4","upperBound":"6"},"columnProperties":[]},{"name":"Peso específico","type":"Number (double)","index":2,"columnDomain":{"lowerBound":"16.5823","upperBound":"19.3898"},"columnProperties":[]},{"name":"Cohesión","type":"Number (double)","index":3,"columnDomain":{"lowerBound":"13.8418","upperBound":"67.4528"},"columnProperties":[]},{"name":"Ángulo de fricción interna","type":"Number (double)","index":4,"columnDomain":{"lowerBound":"12.5548","upperBound":"29.4595"},"columnProperties":[]},{"name":"Pemeabilidad saturada","type":"Number (double)","index":5,"columnDomain":{"lowerBound":"4.28574E-8","upperBound":"7.74547E-6"},"columnProperties":[]},{"name":"Contenido volumétrico de agua","type":"Number (double)","index":6,"columnDomain":{"lowerBound":"0.378381604073838","upperBound":"0.553114568018197"},"columnProperties":[]},{"name":"Índice de compresibilidad volumétrica","type":"Number (double)","index":7,"columnDomain":{"lowerBound":"3.99675463523619E-5","upperBound":"1.89886998247343E-4"},"columnProperties":[]},{"name":"Diámetro efectivo para el 60%","type":"Number (double)","index":8,"columnDomain":{"lowerBound":"0.0075","upperBound":"0.25"},"columnProperties":[]},{"name":"Diámetro efectivo para el 10%","type":"Number (double)","index":9,"columnDomain":{"lowerBound":"0.0025","upperBound":"0.027"},"columnProperties":[]},{"name":"Límite líquido","type":"Number (double)","index":10,"columnDomain":{"lowerBound":"33.2495","upperBound":"72.0452"},"columnProperties":[]},{"name":"Velocidad","type":"Number (double)","index":11,"columnDomain":{"lowerBound":"0.1","upperBound":"0.3"},"columnProperties":[]},{"name":"Tiempo","type":"Number (integer)","index":12,"columnDomain":{"lowerBound":"0","upperBound":"350"},"columnProperties":[]},{"name":"FS","type":"Number (double)","index":13,"columnDomain":{"lowerBound":"0.11169939","upperBound":"5.6632962"},"columnProperties":[]},{"name":"PolyReg prediction","type":"Number (double)","index":14,"columnDomain":{"lowerBound":"0.4618429483416744","upperBound":"4.12445152031554"},"columnProperties":[]},{"name":"Prediction Error","type":"Number (double)","index":15,"columnDomain":{"lowerBound":"1.2560033326725062E-6","upperBound":"3.2158862479104973"},"columnProperties":[]}]}},{"index":3,"type":"table","tableSpec":{"columns":[{"name":"Variable","type":"String","index":0,"columnDomain":{"values":["Altura de terraplén","Peso específico","Cohesión","Ángulo de fricción interna","Pemeabilidad saturada","Contenido volumétrico de agua","Índice de compresibilidad volumétrica","Velocidad","Tiempo","Intercept"]},"columnProperties":[]},{"name":"Exponent","type":"Number (integer)","index":1,"columnDomain":{"lowerBound":"0","upperBound":"2"},"columnProperties":[]},{"name":"Coeff.","type":"Number (double)","index":2,"columnDomain":{"lowerBound":"-2.5192166907239212E10","upperBound":"1.208441543543068E7"},"columnProperties":[]},{"name":"Std. Err.","type":"Number (double)","index":3,"columnDomain":{"lowerBound":"1.6011860790321022E-7","upperBound":"5.834131062203051E8"},"columnProperties":[]},{"name":"t-value","type":"Number (double)","index":4,"columnDomain":{"lowerBound":"-182.5033557683052","upperBound":"127.68986148990366"},"columnProperties":[]},{"name":"P>|t|","type":"Number (double)","index":5,"columnDomain":{"lowerBound":"0.0","upperBound":"0.07709119910834317"},"columnProperties":[]}]}}]},{"id":"19","name":"Regression Predictor","type":"Predictor","state":"EXECUTED","graphDepth":3,"annotation":"","factoryKey":{"className":"org.knime.base.node.mine.regression.predict3.RegressionPredictorNodeFactory2"},"settings":[{"key":"has_custom_predicition_name","value":"false","type":"xboolean"},{"key":"custom_prediction_name","value":"Prediction (FS)","type":"xstring"}],"outputs":[{"index":0,"type":"flowvariable port"},{"index":1,"type":"table","tableSpec":{"columns":[{"name":"Altura de terraplén","type":"Number (integer)","index":0,"columnDomain":{"lowerBound":"15","upperBound":"40"},"columnProperties":[]},{"name":"Ancho de corona","type":"Number (integer)","index":1,"columnDomain":{"lowerBound":"4","upperBound":"6"},"columnProperties":[]},{"name":"Peso específico","type":"Number (double)","index":2,"columnDomain":{"lowerBound":"16.5823","upperBound":"19.3898"},"columnProperties":[]},{"name":"Cohesión","type":"Number (double)","index":3,"columnDomain":{"lowerBound":"13.8418","upperBound":"67.4528"},"columnProperties":[]},{"name":"Ángulo de fricción interna","type":"Number (double)","index":4,"columnDomain":{"lowerBound":"12.5548","upperBound":"29.4595"},"columnProperties":[]},{"name":"Pemeabilidad saturada","type":"Number (double)","index":5,"columnDomain":{"lowerBound":"4.28574E-8","upperBound":"7.74547E-6"},"columnProperties":[]},{"name":"Contenido volumétrico de agua","type":"Number (double)","index":6,"columnDomain":{"lowerBound":"0.378381604073838","upperBound":"0.553114568018197"},"columnProperties":[]},{"name":"Índice de compresibilidad volumétrica","type":"Number (double)","index":7,"columnDomain":{"lowerBound":"3.99675463523619E-5","upperBound":"1.89886998247343E-4"},"columnProperties":[]},{"name":"Diámetro efectivo para el 60%","type":"Number (double)","index":8,"columnDomain":{"lowerBound":"0.0075","upperBound":"0.25"},"columnProperties":[]},{"name":"Diámetro efectivo para el 10%","type":"Number (double)","index":9,"columnDomain":{"lowerBound":"0.0025","upperBound":"0.027"},"columnProperties":[]},{"name":"Límite líquido","type":"Number (double)","index":10,"columnDomain":{"lowerBound":"33.2495","upperBound":"72.0452"},"columnProperties":[]},{"name":"Velocidad","type":"Number (double)","index":11,"columnDomain":{"lowerBound":"0.1","upperBound":"0.3"},"columnProperties":[]},{"name":"Tiempo","type":"Number (integer)","index":12,"columnDomain":{"lowerBound":"0","upperBound":"350"},"columnProperties":[]},{"name":"FS","type":"Number (double)","index":13,"columnDomain":{"lowerBound":"0.11169939","upperBound":"5.6632962"},"columnProperties":[]},{"name":"Prediction (FS)","type":"Number (double)","index":14,"columnDomain":{"lowerBound":"0.474944378618582","upperBound":"4.070647203893817"},"columnProperties":[]}]},"successors":[{"id":"20","portIndex":1},{"id":"23","portIndex":1}]}]},{"id":"20","name":"Numeric Scorer","type":"Other","state":"EXECUTED","graphDepth":4,"annotation":"","factoryKey":{"className":"org.knime.base.node.mine.scorer.numeric2.NumericScorer2NodeFactory"},"settings":[{"key":"reference_Internals","type":"config","settings":[{"key":"SettingsModelID","value":"SMID_string","type":"xstring"},{"key":"EnabledStatus","value":"true","type":"xboolean"}]},{"key":"reference","type":"config","settings":[{"key":"useRowID","value":"false","type":"xboolean"},{"key":"columnName","value":"FS","type":"xstring"}]},{"key":"predicted_Internals","type":"config","settings":[{"key":"SettingsModelID","value":"SMID_string","type":"xstring"},{"key":"EnabledStatus","value":"true","type":"xboolean"}]},{"key":"predicted","type":"config","settings":[{"key":"useRowID","value":"false","type":"xboolean"},{"key":"columnName","value":"Prediction (FS)","type":"xstring"}]},{"key":"override default output name_Internals","type":"config","settings":[{"key":"SettingsModelID","value":"SMID_boolean","type":"xstring"},{"key":"EnabledStatus","value":"true","type":"xboolean"}]},{"key":"override default output name","value":"false","type":"xboolean"},{"key":"output column_Internals","type":"config","settings":[{"key":"SettingsModelID","value":"SMID_string","type":"xstring"},{"key":"EnabledStatus","value":"false","type":"xboolean"}]},{"key":"output column","value":"Prediction (FS)","type":"xstring"},{"key":"name prefix for flowvars_Internals","type":"config","settings":[{"key":"SettingsModelID","value":"SMID_string","type":"xstring"},{"key":"EnabledStatus","value":"false","type":"xboolean"}]},{"key":"name prefix for flowvars","value":"","type":"xstring"},{"key":"generate flow variables_Internals","type":"config","settings":[{"key":"SettingsModelID","value":"SMID_boolean","type":"xstring"},{"key":"EnabledStatus","value":"true","type":"xboolean"}]},{"key":"generate flow variables","value":"false","type":"xboolean"},{"key":"number_of_predictors_Internals","type":"config","settings":[{"key":"SettingsModelID","value":"SMID_integer","type":"xstring"},{"key":"EnabledStatus","value":"true","type":"xboolean"}]},{"key":"number_of_predictors","value":"0","type":"xint"}],"outputs":[{"index":0,"type":"flowvariable port"},{"index":1,"type":"table","tableSpec":{"columns":[{"name":"Prediction (FS)","type":"Number (double)","index":0,"columnDomain":{"lowerBound":"-0.0022404086737120676","upperBound":"0.8460453082183256"},"columnProperties":[]}]}}]},{"id":"23","name":"Excel Writer","type":"Sink","state":"EXECUTED","graphDepth":4,"annotation":"","factoryKey":{"className":"org.knime.ext.poi3.node.io.filehandling.excel.writer.ExcelTableWriterNodeFactory"},"settings":[{"key":"excel_format_Internals","type":"config","settings":[{"key":"SettingsModelID","value":"SMID_string","type":"xstring"},{"key":"EnabledStatus","value":"true","type":"xboolean"}]},{"key":"excel_format","value":"XLSX","type":"xstring"},{"key":"file_selection_Internals","type":"config","settings":[{"key":"SettingsModelID","value":"SMID_WriterFileChooser","type":"xstring"},{"key":"EnabledStatus","value":"true","type":"xboolean"}]},{"key":"file_selection","type":"config","settings":[{"key":"file_system_chooser__Internals","type":"config","settings":[{"key":"has_fs_port","value":"false","type":"xboolean"},{"key":"overwritten_by_variable","value":"false","type":"xboolean"},{"key":"convenience_fs_category","value":"LOCAL","type":"xstring"},{"key":"relative_to","value":"knime.workflow.data","type":"xstring"},{"key":"mountpoint","value":"LOCAL","type":"xstring"},{"key":"spaceId","value":"","type":"xstring"},{"key":"spaceName","value":"","type":"xstring"},{"key":"custom_url_timeout","value":"1000","type":"xint"},{"key":"connected_fs","value":"true","type":"xboolean"}]},{"key":"path","type":"config","settings":[{"key":"location_present","value":"true","type":"xboolean"},{"key":"file_system_type","value":"LOCAL","type":"xstring"},{"key":"path","value":"E:\\DOCTORADO\\CAPITULO 3\\KNIME\\NUEVO OKOK\\Regresión lineal\\Con el tiempo como variable\\excels\\RP dias final.xlsx","type":"xstring"}]},{"key":"filter_mode_Internals","type":"config","settings":[{"key":"SettingsModelID","value":"SMID_FilterMode","type":"xstring"},{"key":"EnabledStatus","value":"true","type":"xboolean"}]},{"key":"create_missing_folders","value":"false","type":"xboolean"},{"key":"if_path_exists","value":"overwrite","type":"xstring"}]},{"key":"sheet_names","type":"config","settings":[{"key":"array-size","value":"1","type":"xint"},{"key":"0","value":"default_1","type":"xstring"}]},{"key":"if_sheet_exists_Internals","type":"config","settings":[{"key":"SettingsModelID","value":"SMID_string","type":"xstring"},{"key":"EnabledStatus","value":"false","type":"xboolean"}]},{"key":"if_sheet_exists","value":"FAIL","type":"xstring"},{"key":"write_row_key_Internals","type":"config","settings":[{"key":"SettingsModelID","value":"SMID_boolean","type":"xstring"},{"key":"EnabledStatus","value":"true","type":"xboolean"}]},{"key":"write_row_key","value":"false","type":"xboolean"},{"key":"write_column_header_Internals","type":"config","settings":[{"key":"SettingsModelID","value":"SMID_boolean","type":"xstring"},{"key":"EnabledStatus","value":"true","type":"xboolean"}]},{"key":"write_column_header","value":"true","type":"xboolean"},{"key":"skip_column_header_on_append_Internals","type":"config","settings":[{"key":"SettingsModelID","value":"SMID_boolean","type":"xstring"},{"key":"EnabledStatus","value":"true","type":"xboolean"}]},{"key":"skip_column_header_on_append","value":"true","type":"xboolean"},{"key":"replace_missings_Internals","type":"config","settings":[{"key":"SettingsModelID","value":"SMID_boolean","type":"xstring"},{"key":"EnabledStatus","value":"true","type":"xboolean"}]},{"key":"replace_missings","value":"false","type":"xboolean"},{"key":"missing_value_pattern_Internals","type":"config","settings":[{"key":"SettingsModelID","value":"SMID_string","type":"xstring"},{"key":"EnabledStatus","value":"true","type":"xboolean"}]},{"key":"missing_value_pattern","value":"","type":"xstring"},{"key":"evaluate_formulas_Internals","type":"config","settings":[{"key":"SettingsModelID","value":"SMID_boolean","type":"xstring"},{"key":"EnabledStatus","value":"false","type":"xboolean"}]},{"key":"evaluate_formulas","value":"false","type":"xboolean"},{"key":"autosize_columns_Internals","type":"config","settings":[{"key":"SettingsModelID","value":"SMID_boolean","type":"xstring"},{"key":"EnabledStatus","value":"true","type":"xboolean"}]},{"key":"autosize_columns","value":"false","type":"xboolean"},{"key":"layout_Internals","type":"config","settings":[{"key":"SettingsModelID","value":"SMID_string","type":"xstring"},{"key":"EnabledStatus","value":"true","type":"xboolean"}]},{"key":"layout","value":"PORTRAIT","type":"xstring"},{"key":"paper_size_Internals","type":"config","settings":[{"key":"SettingsModelID","value":"SMID_string","type":"xstring"},{"key":"EnabledStatus","value":"true","type":"xboolean"}]},{"key":"paper_size","value":"A4_PAPERSIZE","type":"xstring"},{"key":"open_file_after_exec_Internals_Internals","type":"config","settings":[{"key":"SettingsModelID","value":"SMID_boolean","type":"xstring"},{"key":"EnabledStatus","value":"true","type":"xboolean"}]},{"key":"open_file_after_exec_Internals","value":"false","type":"xboolean"}],"outputs":[{"index":0,"type":"flowvariable port"}]}],"annotations":[],"name":"Rapid Drawdown PR Time in days"}}