<WorkflowSummary version="1.0.0" summaryCreationDateTime="2024-11-14 20:07:55 -0800"><workflow name="Rapid Drawdown ANN and PCA Time in days"><nodes><node id="292" name="Excel Reader" type="Source" state="EXECUTED" graphDepth="0" annotation="Datos de entrada"><factoryKey className="org.knime.ext.poi3.node.io.filehandling.excel.reader.ExcelTableReaderNodeFactory"/><settings><setting key="settings" type="config"><settings><setting key="sheet_selection" value="FIRST" type="xstring"/><setting key="sheet_name" value="Sheet1" type="xstring"/><setting key="sheet_index" value="0" type="xint"/><setting key="table_contains_column_names" value="true" type="xboolean"/><setting key="column_names_row_number" value="1" type="xlong"/><setting key="row_id" value="GENERATE" type="xstring"/><setting key="row_id_column" value="A" type="xstring"/><setting key="sheet_area" value="ENTIRE" type="xstring"/><setting key="read_from_column" value="A" type="xstring"/><setting key="read_to_column" value="" type="xstring"/><setting key="read_from_row" value="1" type="xstring"/><setting key="read_to_row" value="" type="xstring"/><setting key="empty_col_header_prefix" value="empty_" type="xstring"/><setting key="column_name_mode" value="EXCEL_COL_NAME" type="xstring"/><setting key="file_selection_Internals" type="config"><settings><setting key="SettingsModelID" value="SMID_ReaderFileChooser" type="xstring"/><setting key="EnabledStatus" value="true" type="xboolean"/></settings></setting><setting key="file_selection" type="config"><settings><setting key="file_system_chooser__Internals" type="config"><settings><setting key="has_fs_port" value="false" type="xboolean"/><setting key="overwritten_by_variable" value="false" type="xboolean"/><setting key="convenience_fs_category" value="LOCAL" type="xstring"/><setting key="relative_to" value="knime.workflow.data" type="xstring"/><setting key="mountpoint" value="LOCAL" type="xstring"/><setting key="spaceId" value="" type="xstring"/><setting key="spaceName" value="" type="xstring"/><setting key="custom_url_timeout" value="1000" type="xint"/><setting key="connected_fs" value="true" type="xboolean"/></settings></setting><setting key="path" type="config"><settings><setting key="location_present" value="true" type="xboolean"/><setting key="file_system_type" value="LOCAL" type="xstring"/><setting key="path" value="E:\DOCTORADO\CAPITULO 3\KNIME\NUEVO OKOK\Regresión lineal\Con el tiempo como variable\Datos nuevos para poner el tiempo como variable.xlsx" type="xstring"/></settings></setting><setting key="filter_mode_Internals" type="config"><settings><setting key="SettingsModelID" value="SMID_FilterMode" type="xstring"/><setting key="EnabledStatus" value="true" type="xboolean"/></settings></setting><setting key="filter_mode" type="config"><settings><setting key="filter_mode" value="FILE" type="xstring"/><setting key="include_subfolders" value="false" type="xboolean"/><setting key="filter_options" type="config"><settings><setting key="filter_files_extension" value="false" type="xboolean"/><setting key="files_extension_expression" value="" type="xstring"/><setting key="files_extension_case_sensitive" value="false" type="xboolean"/><setting key="filter_files_name" value="false" type="xboolean"/><setting key="files_name_expression" value="*" type="xstring"/><setting key="files_name_case_sensitive" value="false" type="xboolean"/><setting key="files_name_filter_type" value="WILDCARD" type="xstring"/><setting key="include_hidden_files" value="false" type="xboolean"/><setting key="include_special_files" value="true" type="xboolean"/><setting key="filter_folders_name" value="false" type="xboolean"/><setting key="folders_name_expression" value="*" type="xstring"/><setting key="folders_name_case_sensitive" value="false" type="xboolean"/><setting key="folders_name_filter_type" value="WILDCARD" type="xstring"/><setting key="include_hidden_folders" value="false" type="xboolean"/><setting key="follow_links" value="true" type="xboolean"/></settings></setting></settings></setting></settings></setting></settings></setting><setting key="advanced_settings" type="config"><settings><setting key="fail_on_differing_specs" value="true" type="xboolean"/><setting key="append_path_column_Internals" value="false" type="xboolean"/><setting key="path_column_name_Internals" value="Path" type="xstring"/><setting key="skip_empty_cols" value="false" type="xboolean"/><setting key="skip_empty_rows" value="true" type="xboolean"/><setting key="limit_data_rows_scanned" value="true" type="xboolean"/><setting key="max_data_rows_scanned" value="10000" type="xlong"/><setting key="save_table_spec_config_Internals" value="true" type="xboolean"/><setting key="use_15_digits_precision" value="true" type="xboolean"/><setting key="skip_hidden_columns" value="true" type="xboolean"/><setting key="skip_hidden_rows" value="true" type="xboolean"/><setting key="replace_empty_strings_with_missings" value="true" type="xboolean"/><setting key="reevaluate_formulas" value="false" type="xboolean"/><setting key="formula_error_handling" value="PATTERN" type="xstring"/><setting key="formula_error_pattern" value="#XL_EVAL_ERROR#" type="xstring"/></settings></setting><setting key="encryption" type="config"><settings><setting key="password_Internals" type="config"><settings><setting key="SettingsModelID" value="SMID_authentication" type="xstring"/><setting key="EnabledStatus" value="true" type="xboolean"/></settings></setting><setting key="password" type="config"><settings><setting key="credentials" type="xstring"/><setting key="username" value="" type="xstring"/><setting key="selectedType" value="NONE" type="xstring"/></settings></setting></settings></setting></settings><outputs><output index="0" type="flowvariable port"/><output index="1" type="table"><tableSpec><columns><column name="Altura de terraplén" type="Number (integer)" index="0"><columnDomain><lowerBound>15</lowerBound><upperBound>40</upperBound></columnDomain><columnproperties/></column><column name="Ancho de corona" type="Number (integer)" index="1"><columnDomain><lowerBound>4</lowerBound><upperBound>6</upperBound></columnDomain><columnproperties/></column><column name="Peso específico" type="Number (double)" index="2"><columnDomain><lowerBound>16.5823</lowerBound><upperBound>19.3898</upperBound></columnDomain><columnproperties/></column><column name="Cohesión" type="Number (double)" index="3"><columnDomain><lowerBound>13.8418</lowerBound><upperBound>67.4528</upperBound></columnDomain><columnproperties/></column><column name="Ángulo de fricción interna" type="Number (double)" index="4"><columnDomain><lowerBound>12.5548</lowerBound><upperBound>29.4595</upperBound></columnDomain><columnproperties/></column><column name="Pemeabilidad saturada" type="Number (double)" index="5"><columnDomain><lowerBound>4.28574E-8</lowerBound><upperBound>7.74547E-6</upperBound></columnDomain><columnproperties/></column><column name="Contenido volumétrico de agua" type="Number (double)" index="6"><columnDomain><lowerBound>0.378381604073838</lowerBound><upperBound>0.553114568018197</upperBound></columnDomain><columnproperties/></column><column name="Índice de compresibilidad volumétrica" type="Number (double)" index="7"><columnDomain><lowerBound>3.99675463523619E-5</lowerBound><upperBound>1.89886998247343E-4</upperBound></columnDomain><columnproperties/></column><column name="Diámetro efectivo para el 60%" type="Number (double)" index="8"><columnDomain><lowerBound>0.0075</lowerBound><upperBound>0.25</upperBound></columnDomain><columnproperties/></column><column name="Diámetro efectivo para el 10%" type="Number (double)" index="9"><columnDomain><lowerBound>0.0025</lowerBound><upperBound>0.027</upperBound></columnDomain><columnproperties/></column><column name="Límite líquido" type="Number (double)" index="10"><columnDomain><lowerBound>33.2495</lowerBound><upperBound>72.0452</upperBound></columnDomain><columnproperties/></column><column name="Velocidad" type="Number (double)" index="11"><columnDomain><lowerBound>0.1</lowerBound><upperBound>0.3</upperBound></columnDomain><columnproperties/></column><column name="Tiempo" type="Number (integer)" index="12"><columnDomain><lowerBound>0</lowerBound><upperBound>100</upperBound></columnDomain><columnproperties/></column><column name="FS" type="Number (double)" index="13"><columnDomain><lowerBound>0.12218381</lowerBound><upperBound>5.6632962</upperBound></columnDomain><columnproperties/></column></columns></tableSpec><successors><successor id="297" portIndex="1"/><successor id="429" portIndex="1"/></successors></output></outputs></node><node id="297" name="PCA" type="Manipulator" state="EXECUTED" graphDepth="1" annotation="PCA"><factoryKey className="org.knime.base.node.mine.transformation.pca.perform.PCA2NodeFactory"/><settings><setting key="used_columns_Internals" type="config"><settings><setting key="SettingsModelID" value="SMID_columnfilter" type="xstring"/><setting key="EnabledStatus" value="true" type="xboolean"/></settings></setting><setting key="used_columns" type="config"><settings><setting key="filter-type" value="STANDARD" type="xstring"/><setting key="included_names" type="config"><settings><setting key="array-size" value="13" type="xint"/><setting key="0" value="Altura de terraplén" type="xstring"/><setting key="1" value="Ancho de corona" type="xstring"/><setting key="2" value="Peso específico" type="xstring"/><setting key="3" value="Cohesión" type="xstring"/><setting key="4" value="Ángulo de fricción interna" type="xstring"/><setting key="5" value="Pemeabilidad saturada" type="xstring"/><setting key="6" value="Contenido volumétrico de agua" type="xstring"/><setting key="7" value="Índice de compresibilidad volumétrica" type="xstring"/><setting key="8" value="Diámetro efectivo para el 60%" type="xstring"/><setting key="9" value="Diámetro efectivo para el 10%" type="xstring"/><setting key="10" value="Límite líquido" type="xstring"/><setting key="11" value="Velocidad" type="xstring"/><setting key="12" value="Tiempo" type="xstring"/></settings></setting><setting key="excluded_names" type="config"><settings><setting key="array-size" value="2" type="xint"/><setting key="0" value="FS" type="xstring"/><setting key="1" value="FS inicial" type="xstring"/></settings></setting><setting key="enforce_option" value="EnforceExclusion" type="xstring"/><setting key="name_pattern" type="config"><settings><setting key="pattern" value="" type="xstring"/><setting key="type" value="Wildcard" type="xstring"/><setting key="caseSensitive" value="true" type="xboolean"/><setting key="excludeMatching" value="false" type="xboolean"/></settings></setting><setting key="datatype" type="config"><settings><setting key="typelist" type="config"><settings><setting key="org.knime.core.data.IntValue" value="false" type="xboolean"/><setting key="org.knime.core.data.DoubleValue" value="false" type="xboolean"/></settings></setting></settings></setting></settings></setting><setting key="fail_on_missings_Internals" type="config"><settings><setting key="SettingsModelID" value="SMID_boolean" type="xstring"/><setting key="EnabledStatus" value="true" type="xboolean"/></settings></setting><setting key="fail_on_missings" value="false" type="xboolean"/><setting key="remove_used_columns_Internals" type="config"><settings><setting key="SettingsModelID" value="SMID_boolean" type="xstring"/><setting key="EnabledStatus" value="true" type="xboolean"/></settings></setting><setting key="remove_used_columns" value="true" type="xboolean"/><setting key="number_of_dimensions_Internals" type="config"><settings><setting key="SettingsModelID" value="SMID_integer" type="xstring"/><setting key="EnabledStatus" value="true" type="xboolean"/></settings></setting><setting key="number_of_dimensions" value="5" type="xint"/><setting key="information_preservation_Internals" type="config"><settings><setting key="SettingsModelID" value="SMID_double" type="xstring"/><setting key="EnabledStatus" value="false" type="xboolean"/></settings></setting><setting key="information_preservation" value="100.0" type="xdouble"/><setting key="use_fixed_number_dimensions_Internals" type="config"><settings><setting key="SettingsModelID" value="SMID_boolean" type="xstring"/><setting key="EnabledStatus" value="true" type="xboolean"/></settings></setting><setting key="use_fixed_number_dimensions" value="true" type="xboolean"/></settings><outputs><output index="0" type="flowvariable port"/><output index="1" type="table"><tableSpec><columns><column name="FS" type="Number (double)" index="0"><columnDomain><lowerBound>0.12218381</lowerBound><upperBound>5.6632962</upperBound></columnDomain><columnproperties/></column><column name="PCA dimension 0" type="Number (double)" index="1"><columnDomain><lowerBound>-48.62355395117992</lowerBound><upperBound>53.18409932642535</upperBound></columnDomain><columnproperties/></column><column name="PCA dimension 1" type="Number (double)" index="2"><columnDomain><lowerBound>-40.38196951111716</lowerBound><upperBound>18.263075112241772</upperBound></columnDomain><columnproperties/></column><column name="PCA dimension 2" type="Number (double)" index="3"><columnDomain><lowerBound>-18.34413664547621</lowerBound><upperBound>18.89639214379529</upperBound></columnDomain><columnproperties/></column><column name="PCA dimension 3" type="Number (double)" index="4"><columnDomain><lowerBound>-23.062009972760745</lowerBound><upperBound>20.756505988921038</upperBound></columnDomain><columnproperties/></column><column name="PCA dimension 4" type="Number (double)" index="5"><columnDomain><lowerBound>-11.313220550695123</lowerBound><upperBound>8.070793654808412</upperBound></columnDomain><columnproperties/></column></columns></tableSpec><successors><successor id="295" portIndex="1"/></successors></output></outputs></node><node id="429" name="PCA Compute" type="Manipulator" state="EXECUTED" graphDepth="1"><factoryKey className="org.knime.base.node.mine.transformation.pca.compute.PCA2ComputeNodeFactory"/><settings><setting key="used_columns_Internals" type="config"><settings><setting key="SettingsModelID" value="SMID_columnfilter" type="xstring"/><setting key="EnabledStatus" value="true" type="xboolean"/></settings></setting><setting key="used_columns" type="config"><settings><setting key="filter-type" value="STANDARD" type="xstring"/><setting key="included_names" type="config"><settings><setting key="array-size" value="13" type="xint"/><setting key="0" value="Altura de terraplén" type="xstring"/><setting key="1" value="Ancho de corona" type="xstring"/><setting key="2" value="Peso específico" type="xstring"/><setting key="3" value="Cohesión" type="xstring"/><setting key="4" value="Ángulo de fricción interna" type="xstring"/><setting key="5" value="Pemeabilidad saturada" type="xstring"/><setting key="6" value="Contenido volumétrico de agua" type="xstring"/><setting key="7" value="Índice de compresibilidad volumétrica" type="xstring"/><setting key="8" value="Diámetro efectivo para el 60%" type="xstring"/><setting key="9" value="Diámetro efectivo para el 10%" type="xstring"/><setting key="10" value="Límite líquido" type="xstring"/><setting key="11" value="Velocidad" type="xstring"/><setting key="12" value="Tiempo" type="xstring"/></settings></setting><setting key="excluded_names" type="config"><settings><setting key="array-size" value="2" type="xint"/><setting key="0" value="FS" type="xstring"/><setting key="1" value="FS inicial" type="xstring"/></settings></setting><setting key="enforce_option" value="EnforceExclusion" type="xstring"/><setting key="name_pattern" type="config"><settings><setting key="pattern" value="" type="xstring"/><setting key="type" value="Wildcard" type="xstring"/><setting key="caseSensitive" value="true" type="xboolean"/><setting key="excludeMatching" value="false" type="xboolean"/></settings></setting><setting key="datatype" type="config"><settings><setting key="typelist" type="config"><settings><setting key="org.knime.core.data.IntValue" value="false" type="xboolean"/><setting key="org.knime.core.data.DoubleValue" value="false" type="xboolean"/></settings></setting></settings></setting></settings></setting><setting key="fail_on_missings_Internals" type="config"><settings><setting key="SettingsModelID" value="SMID_boolean" type="xstring"/><setting key="EnabledStatus" value="true" type="xboolean"/></settings></setting><setting key="fail_on_missings" value="false" type="xboolean"/></settings><outputs><output index="0" type="flowvariable port"/><output index="1" type="table"><tableSpec><columns><column name="Altura de terraplén" type="Number (double)" index="0"><columnDomain><lowerBound>-7.800985335123203</lowerBound><upperBound>103.23058655629387</upperBound></columnDomain><columnproperties/></column><column name="Ancho de corona" type="Number (double)" index="1"><columnDomain><lowerBound>-0.6683380865017147</lowerBound><upperBound>8.471053764073382</upperBound></columnDomain><columnproperties/></column><column name="Peso específico" type="Number (double)" index="2"><columnDomain><lowerBound>-0.6151425840325718</lowerBound><upperBound>1.8917480358214924</upperBound></columnDomain><columnproperties/></column><column name="Cohesión" type="Number (double)" index="3"><columnDomain><lowerBound>-18.368110508134595</lowerBound><upperBound>163.32745216698336</upperBound></columnDomain><columnproperties/></column><column name="Ángulo de fricción interna" type="Number (double)" index="4"><columnDomain><lowerBound>-2.4371368395342037</lowerBound><upperBound>20.549642017197325</upperBound></columnDomain><columnproperties/></column><column name="Pemeabilidad saturada" type="Number (double)" index="5"><columnDomain><lowerBound>-1.3967893708297703E-6</lowerBound><upperBound>2.981206221369393E-8</upperBound></columnDomain><columnproperties/></column><column name="Contenido volumétrico de agua" type="Number (double)" index="6"><columnDomain><lowerBound>-0.021976061920195016</lowerBound><upperBound>0.02473865457750763</upperBound></columnDomain><columnproperties/></column><column name="Índice de compresibilidad volumétrica" type="Number (double)" index="7"><columnDomain><lowerBound>-1.7468944041756964E-5</lowerBound><upperBound>1.1895417744829603E-4</upperBound></columnDomain><columnproperties/></column><column name="Diámetro efectivo para el 60%" type="Number (double)" index="8"><columnDomain><lowerBound>-0.03942458230150961</lowerBound><upperBound>0.18980435215915814</upperBound></columnDomain><columnproperties/></column><column name="Diámetro efectivo para el 10%" type="Number (double)" index="9"><columnDomain><lowerBound>-0.0033713587090305236</lowerBound><upperBound>0.0017374273006514815</upperBound></columnDomain><columnproperties/></column><column name="Límite líquido" type="Number (double)" index="10"><columnDomain><lowerBound>-11.449424551119243</lowerBound><upperBound>90.94655102953419</upperBound></columnDomain><columnproperties/></column><column name="Velocidad" type="Number (double)" index="11"><columnDomain><lowerBound>-0.03233010904385072</lowerBound><upperBound>0.06195536994900089</upperBound></columnDomain><columnproperties/></column><column name="Tiempo" type="Number (double)" index="12"><columnDomain><lowerBound>-18.368110508134595</lowerBound><upperBound>973.9569272810376</upperBound></columnDomain><columnproperties/></column></columns></tableSpec></output><output index="2" type="table"><tableSpec><columns><column name="eigenvalue" type="Number (double)" index="0"><columnDomain><lowerBound>1.6386436783866584E-12</lowerBound><upperBound>974.8022424410111</upperBound></columnDomain><columnproperties/></column><column name="Altura de terraplén" type="Number (double)" index="1"><columnDomain><lowerBound>-0.017330639549171342</lowerBound><upperBound>0.9650790372290032</upperBound></columnDomain><columnproperties/></column><column name="Ancho de corona" type="Number (double)" index="2"><columnDomain><lowerBound>-0.9966231063910138</lowerBound><upperBound>0.07936925659943901</upperBound></columnDomain><columnproperties/></column><column name="Peso específico" type="Number (double)" index="3"><columnDomain><lowerBound>-0.9988768587016991</lowerBound><upperBound>0.019755107754670348</upperBound></columnDomain><columnproperties/></column><column name="Cohesión" type="Number (double)" index="4"><columnDomain><lowerBound>-0.9669092316115043</lowerBound><upperBound>0.17082235113062436</upperBound></columnDomain><columnproperties/></column><column name="Ángulo de fricción interna" type="Number (double)" index="5"><columnDomain><lowerBound>-0.9820956842577572</lowerBound><upperBound>0.17584832134337414</upperBound></columnDomain><columnproperties/></column><column name="Pemeabilidad saturada" type="Number (double)" index="6"><columnDomain><lowerBound>-0.9998751372840691</lowerBound><upperBound>6.543511587222189E-6</upperBound></columnDomain><columnproperties/></column><column name="Contenido volumétrico de agua" type="Number (double)" index="7"><columnDomain><lowerBound>-0.9112216835306964</lowerBound><upperBound>0.4117701841202732</upperBound></columnDomain><columnproperties/></column><column name="Índice de compresibilidad volumétrica" type="Number (double)" index="8"><columnDomain><lowerBound>-0.9998743690916982</lowerBound><upperBound>0.01580220441189016</upperBound></columnDomain><columnproperties/></column><column name="Diámetro efectivo para el 60%" type="Number (double)" index="9"><columnDomain><lowerBound>-0.012002138147282874</lowerBound><upperBound>0.9109476025974116</upperBound></columnDomain><columnproperties/></column><column name="Diámetro efectivo para el 10%" type="Number (double)" index="10"><columnDomain><lowerBound>-0.0033601725698730305</lowerBound><upperBound>0.9998854353989239</upperBound></columnDomain><columnproperties/></column><column name="Límite líquido" type="Number (double)" index="11"><columnDomain><lowerBound>-0.21398761540020023</lowerBound><upperBound>0.9426111207842499</upperBound></columnDomain><columnproperties/></column><column name="Velocidad" type="Number (double)" index="12"><columnDomain><lowerBound>-0.004073318340348108</lowerBound><upperBound>0.999975051089976</upperBound></columnDomain><columnproperties/></column><column name="Tiempo" type="Number (double)" index="13"><columnDomain><lowerBound>-0.9994870802777998</lowerBound><upperBound>0.005198817821387662</upperBound></columnDomain><columnproperties/></column></columns></tableSpec><successors><successor id="430" portIndex="2"/></successors></output><output index="3" type="PortType(TransformationPortObjectSpec,TransformationPortObject)"><successors><successor id="430" portIndex="1"/></successors></output></outputs></node><node id="295" name="Partitioning" type="Manipulator" state="EXECUTED" graphDepth="2" annotation="70% Entrenamiento&#xd;&#xa;30% Prueba"><factoryKey className="org.knime.base.node.preproc.partition.PartitionNodeFactory"/><settings><setting key="method" value="Relative" type="xstring"/><setting key="samplingMethod" value="Random" type="xstring"/><setting key="fraction" value="0.7" type="xdouble"/><setting key="count" value="100" type="xint"/><setting key="random_seed" type="xstring"/><setting key="class_column" type="xstring"/></settings><outputs><output index="0" type="flowvariable port"/><output index="1" type="table"><tableSpec><columns><column name="FS" type="Number (double)" index="0"><columnDomain><lowerBound>0.12218381</lowerBound><upperBound>5.6632962</upperBound></columnDomain><columnproperties/></column><column name="PCA dimension 0" type="Number (double)" index="1"><columnDomain><lowerBound>-48.62355395117992</lowerBound><upperBound>53.18409932642535</upperBound></columnDomain><columnproperties/></column><column name="PCA dimension 1" type="Number (double)" index="2"><columnDomain><lowerBound>-40.38196951111716</lowerBound><upperBound>18.263075112241772</upperBound></columnDomain><columnproperties/></column><column name="PCA dimension 2" type="Number (double)" index="3"><columnDomain><lowerBound>-18.34413664547621</lowerBound><upperBound>18.89639214379529</upperBound></columnDomain><columnproperties/></column><column name="PCA dimension 3" type="Number (double)" index="4"><columnDomain><lowerBound>-23.062009972760745</lowerBound><upperBound>20.756505988921038</upperBound></columnDomain><columnproperties/></column><column name="PCA dimension 4" type="Number (double)" index="5"><columnDomain><lowerBound>-11.313220550695123</lowerBound><upperBound>8.070793654808412</upperBound></columnDomain><columnproperties/></column></columns></tableSpec><successors><successor id="287" portIndex="1"/></successors></output><output index="2" type="table"><tableSpec><columns><column name="FS" type="Number (double)" index="0"><columnDomain><lowerBound>0.12218381</lowerBound><upperBound>5.6632962</upperBound></columnDomain><columnproperties/></column><column name="PCA dimension 0" type="Number (double)" index="1"><columnDomain><lowerBound>-48.62355395117992</lowerBound><upperBound>53.18409932642535</upperBound></columnDomain><columnproperties/></column><column name="PCA dimension 1" type="Number (double)" index="2"><columnDomain><lowerBound>-40.38196951111716</lowerBound><upperBound>18.263075112241772</upperBound></columnDomain><columnproperties/></column><column name="PCA dimension 2" type="Number (double)" index="3"><columnDomain><lowerBound>-18.34413664547621</lowerBound><upperBound>18.89639214379529</upperBound></columnDomain><columnproperties/></column><column name="PCA dimension 3" type="Number (double)" index="4"><columnDomain><lowerBound>-23.062009972760745</lowerBound><upperBound>20.756505988921038</upperBound></columnDomain><columnproperties/></column><column name="PCA dimension 4" type="Number (double)" index="5"><columnDomain><lowerBound>-11.313220550695123</lowerBound><upperBound>8.070793654808412</upperBound></columnDomain><columnproperties/></column></columns></tableSpec><successors><successor id="744" portIndex="2"/></successors></output></outputs></node><node id="430" name="PCA Apply" type="Manipulator" state="EXECUTED" graphDepth="2"><factoryKey className="org.knime.base.node.mine.transformation.pca.apply.PCA2ApplyNodeFactory"/><settings><setting key="remove_used_columns_Internals" type="config"><settings><setting key="SettingsModelID" value="SMID_boolean" type="xstring"/><setting key="EnabledStatus" value="true" type="xboolean"/></settings></setting><setting key="remove_used_columns" value="true" type="xboolean"/><setting key="number_of_dimensions_Internals" type="config"><settings><setting key="SettingsModelID" value="SMID_integer" type="xstring"/><setting key="EnabledStatus" value="true" type="xboolean"/></settings></setting><setting key="number_of_dimensions" value="5" type="xint"/><setting key="fail_on_missings_Internals" type="config"><settings><setting key="SettingsModelID" value="SMID_boolean" type="xstring"/><setting key="EnabledStatus" value="true" type="xboolean"/></settings></setting><setting key="fail_on_missings" value="false" type="xboolean"/><setting key="information_preservation_Internals" type="config"><settings><setting key="SettingsModelID" value="SMID_double" type="xstring"/><setting key="EnabledStatus" value="false" type="xboolean"/></settings></setting><setting key="information_preservation" value="100.0" type="xdouble"/><setting key="use_fixed_number_dimensions_Internals" type="config"><settings><setting key="SettingsModelID" value="SMID_boolean" type="xstring"/><setting key="EnabledStatus" value="true" type="xboolean"/></settings></setting><setting key="use_fixed_number_dimensions" value="true" type="xboolean"/></settings><outputs><output index="0" type="flowvariable port"/><output index="1" type="table"><tableSpec><columns><column name="eigenvalue" type="Number (double)" index="0"><columnDomain><lowerBound>1.6386436783866584E-12</lowerBound><upperBound>974.8022424410111</upperBound></columnDomain><columnproperties/></column><column name="PCA dimension 0" type="Number (double)" index="1"><columnDomain><lowerBound>51.05026656739346</lowerBound><upperBound>52.05026656739347</upperBound></columnDomain><columnproperties/></column><column name="PCA dimension 1" type="Number (double)" index="2"><columnDomain><lowerBound>38.92115445302594</lowerBound><upperBound>39.921154453025935</upperBound></columnDomain><columnproperties/></column><column name="PCA dimension 2" type="Number (double)" index="3"><columnDomain><lowerBound>-22.9297576990991</lowerBound><upperBound>-21.92975769909908</upperBound></columnDomain><columnproperties/></column><column name="PCA dimension 3" type="Number (double)" index="4"><columnDomain><lowerBound>-53.72639583768285</lowerBound><upperBound>-52.72639583768284</upperBound></columnDomain><columnproperties/></column><column name="PCA dimension 4" type="Number (double)" index="5"><columnDomain><lowerBound>8.18961718269228</lowerBound><upperBound>9.189617182692288</upperBound></columnDomain><columnproperties/></column></columns></tableSpec></output></outputs></node><node id="287" name="Normalizer" type="Manipulator" state="EXECUTED" graphDepth="3" annotation="Valores ente 0 y 1"><factoryKey className="org.knime.base.node.preproc.normalize3.Normalizer3NodeFactory"/><settings><setting key="mode" value="MINMAX" type="xstring"/><setting key="new-min" value="0.0" type="xdouble"/><setting key="new-max" value="1.0" type="xdouble"/><setting key="data-column-filter" type="config"><settings><setting key="filter-type" value="STANDARD" type="xstring"/><setting key="included_names" type="config"><settings><setting key="array-size" value="1" type="xint"/><setting key="0" value="FS" type="xstring"/></settings></setting><setting key="excluded_names" type="config"><settings><setting key="array-size" value="5" type="xint"/><setting key="0" value="PCA dimension 0" type="xstring"/><setting key="1" value="PCA dimension 1" type="xstring"/><setting key="2" value="PCA dimension 2" type="xstring"/><setting key="3" value="PCA dimension 3" type="xstring"/><setting key="4" value="PCA dimension 4" type="xstring"/></settings></setting><setting key="enforce_option" value="EnforceInclusion" type="xstring"/><setting key="name_pattern" type="config"><settings><setting key="pattern" value="" type="xstring"/><setting key="type" value="Wildcard" type="xstring"/><setting key="caseSensitive" value="true" type="xboolean"/><setting key="excludeMatching" value="false" type="xboolean"/></settings></setting><setting key="datatype" type="config"><settings><setting key="typelist" type="config"><settings><setting key="org.knime.core.data.DoubleValue" value="false" type="xboolean"/></settings></setting></settings></setting></settings></setting></settings><outputs><output index="0" type="flowvariable port"/><output index="1" type="table"><tableSpec><columns><column name="FS" type="Number (double)" index="0"><columnDomain><lowerBound>0.0</lowerBound><upperBound>1.0</upperBound></columnDomain><columnproperties/></column><column name="PCA dimension 0" type="Number (double)" index="1"><columnDomain><lowerBound>-48.62355395117992</lowerBound><upperBound>53.18409932642535</upperBound></columnDomain><columnproperties/></column><column name="PCA dimension 1" type="Number (double)" index="2"><columnDomain><lowerBound>-40.38196951111716</lowerBound><upperBound>18.263075112241772</upperBound></columnDomain><columnproperties/></column><column name="PCA dimension 2" type="Number (double)" index="3"><columnDomain><lowerBound>-18.34413664547621</lowerBound><upperBound>18.89639214379529</upperBound></columnDomain><columnproperties/></column><column name="PCA dimension 3" type="Number (double)" index="4"><columnDomain><lowerBound>-23.062009972760745</lowerBound><upperBound>20.756505988921038</upperBound></columnDomain><columnproperties/></column><column name="PCA dimension 4" type="Number (double)" index="5"><columnDomain><lowerBound>-11.313220550695123</lowerBound><upperBound>8.070793654808412</upperBound></columnDomain><columnproperties/></column></columns></tableSpec><successors><successor id="743" portIndex="1"/></successors></output><output index="2" type="PortType(DataTableSpec,NormalizerPortObject)"><tableSpec><columns><column name="FS" type="Number (double)" index="0"><columnDomain><lowerBound>0.12218381</lowerBound><upperBound>5.6632962</upperBound></columnDomain><columnproperties/></column></columns></tableSpec><successors><successor id="746" portIndex="1"/></successors></output></outputs></node><node id="743" name="RProp MLP Learner" type="Learner" state="EXECUTED" graphDepth="4" annotation="2 HL&#xd;&#xa;10 neurons"><factoryKey className="org.knime.base.node.mine.neural.rprop.RPropNodeFactory2"/><settings><setting key="maxiter_Internals" type="config"><settings><setting key="SettingsModelID" value="SMID_integer" type="xstring"/><setting key="EnabledStatus" value="true" type="xboolean"/></settings></setting><setting key="maxiter" value="10000" type="xint"/><setting key="hiddenlayer_Internals" type="config"><settings><setting key="SettingsModelID" value="SMID_integer" type="xstring"/><setting key="EnabledStatus" value="true" type="xboolean"/></settings></setting><setting key="hiddenlayer" value="2" type="xint"/><setting key="nrhiddenneurons_Internals" type="config"><settings><setting key="SettingsModelID" value="SMID_integer" type="xstring"/><setting key="EnabledStatus" value="true" type="xboolean"/></settings></setting><setting key="nrhiddenneurons" value="5" type="xint"/><setting key="classcol_Internals" type="config"><settings><setting key="SettingsModelID" value="SMID_string" type="xstring"/><setting key="EnabledStatus" value="true" type="xboolean"/></settings></setting><setting key="classcol" value="FS" type="xstring"/><setting key="ignoremv_Internals" type="config"><settings><setting key="SettingsModelID" value="SMID_boolean" type="xstring"/><setting key="EnabledStatus" value="true" type="xboolean"/></settings></setting><setting key="ignoremv" value="false" type="xboolean"/><setting key="useRandomSeed_Internals" type="config"><settings><setting key="SettingsModelID" value="SMID_boolean" type="xstring"/><setting key="EnabledStatus" value="true" type="xboolean"/></settings></setting><setting key="useRandomSeed" value="false" type="xboolean"/><setting key="randomSeed_Internals" type="config"><settings><setting key="SettingsModelID" value="SMID_integer" type="xstring"/><setting key="EnabledStatus" value="false" type="xboolean"/></settings></setting><setting key="randomSeed" value="1278460233" type="xint"/></settings><outputs><output index="0" type="flowvariable port"/><output index="1" type="PortType(PMMLPortObjectSpec,PMMLPortObject)"><successors><successor id="744" portIndex="1"/></successors></output></outputs></node><node id="744" name="MultiLayerPerceptron Predictor" type="Predictor" state="EXECUTED" graphDepth="5" annotation="FS inicial"><factoryKey className="org.knime.base.node.mine.neural.mlp2.MLPPredictorNodeFactory"/><settings><setting key="prediction column name_Internals" type="config"><settings><setting key="SettingsModelID" value="SMID_string" type="xstring"/><setting key="EnabledStatus" value="false" type="xboolean"/></settings></setting><setting key="prediction column name" value="Prediction (FS inicial)" type="xstring"/><setting key="change prediction_Internals" type="config"><settings><setting key="SettingsModelID" value="SMID_boolean" type="xstring"/><setting key="EnabledStatus" value="true" type="xboolean"/></settings></setting><setting key="change prediction" value="false" type="xboolean"/><setting key="append probabilities_Internals" type="config"><settings><setting key="SettingsModelID" value="SMID_boolean" type="xstring"/><setting key="EnabledStatus" value="true" type="xboolean"/></settings></setting><setting key="append probabilities" value="false" type="xboolean"/><setting key="class probability suffix_Internals" type="config"><settings><setting key="SettingsModelID" value="SMID_string" type="xstring"/><setting key="EnabledStatus" value="false" type="xboolean"/></settings></setting><setting key="class probability suffix" value="" type="xstring"/></settings><outputs><output index="0" type="flowvariable port"/><output index="1" type="table"><tableSpec><columns><column name="FS" type="Number (double)" index="0"><columnDomain><lowerBound>0.12218381</lowerBound><upperBound>5.6632962</upperBound></columnDomain><columnproperties/></column><column name="PCA dimension 0" type="Number (double)" index="1"><columnDomain><lowerBound>-48.62355395117992</lowerBound><upperBound>53.18409932642535</upperBound></columnDomain><columnproperties/></column><column name="PCA dimension 1" type="Number (double)" index="2"><columnDomain><lowerBound>-40.38196951111716</lowerBound><upperBound>18.263075112241772</upperBound></columnDomain><columnproperties/></column><column name="PCA dimension 2" type="Number (double)" index="3"><columnDomain><lowerBound>-18.34413664547621</lowerBound><upperBound>18.89639214379529</upperBound></columnDomain><columnproperties/></column><column name="PCA dimension 3" type="Number (double)" index="4"><columnDomain><lowerBound>-23.062009972760745</lowerBound><upperBound>20.756505988921038</upperBound></columnDomain><columnproperties/></column><column name="PCA dimension 4" type="Number (double)" index="5"><columnDomain><lowerBound>-11.313220550695123</lowerBound><upperBound>8.070793654808412</upperBound></columnDomain><columnproperties/></column><column name="Prediction (FS)" type="Number (double)" index="6"><columnDomain><lowerBound>0.06273392523296102</lowerBound><upperBound>0.8967562622037363</upperBound></columnDomain><columnproperties/></column></columns></tableSpec><successors><successor id="742" portIndex="1"/><successor id="747" portIndex="1"/></successors></output></outputs></node><node id="742" name="Column Filter" type="Manipulator" state="EXECUTED" graphDepth="6" annotation=""><factoryKey className="org.knime.base.node.preproc.filter.column.DataColumnSpecFilterNodeFactory"/><settings><setting key="column-filter" type="config"><settings><setting key="filter-type" value="STANDARD" type="xstring"/><setting key="included_names" type="config"><settings><setting key="array-size" value="1" type="xint"/><setting key="0" value="Prediction (FS)" type="xstring"/></settings></setting><setting key="excluded_names" type="config"><settings><setting key="array-size" value="20" type="xint"/><setting key="0" value="FS" type="xstring"/><setting key="1" value="PCA dimension 0" type="xstring"/><setting key="2" value="PCA dimension 1" type="xstring"/><setting key="3" value="PCA dimension 2" type="xstring"/><setting key="4" value="PCA dimension 3" type="xstring"/><setting key="5" value="PCA dimension 4" type="xstring"/><setting key="6" value="FS inicial" type="xstring"/><setting key="7" value="PCA dimension 5" type="xstring"/><setting key="8" value="Altura de cortina" type="xstring"/><setting key="9" value="Ancho de corona" type="xstring"/><setting key="10" value="Peso específico" type="xstring"/><setting key="11" value="Cohesión" type="xstring"/><setting key="12" value="Ángulo de fricción interna" type="xstring"/><setting key="13" value="Pemeabilidad saturada" type="xstring"/><setting key="14" value="Contenido volumétrico de agua" type="xstring"/><setting key="15" value="Índice de compresibilidad volumétrica" type="xstring"/><setting key="16" value="Diámetro efectivo para el 60%" type="xstring"/><setting key="17" value="Diámetro efectivo para el 10%" type="xstring"/><setting key="18" value="Límite líquido" type="xstring"/><setting key="19" value="Velocidad" type="xstring"/></settings></setting><setting key="enforce_option" value="EnforceExclusion" type="xstring"/><setting key="name_pattern" type="config"><settings><setting key="pattern" value="" type="xstring"/><setting key="type" value="Wildcard" type="xstring"/><setting key="caseSensitive" value="true" type="xboolean"/><setting key="excludeMatching" value="false" type="xboolean"/></settings></setting><setting key="datatype" type="config"><settings><setting key="typelist" type="config"><settings><setting key="org.knime.core.data.DoubleValue" value="false" type="xboolean"/><setting key="org.knime.core.data.BooleanValue" value="false" type="xboolean"/><setting key="org.knime.core.data.IntValue" value="false" type="xboolean"/><setting key="org.knime.core.data.LongValue" value="false" type="xboolean"/><setting key="org.knime.core.data.StringValue" value="false" type="xboolean"/><setting key="org.knime.core.data.date.DateAndTimeValue" value="false" type="xboolean"/></settings></setting></settings></setting></settings></setting></settings><outputs><output index="0" type="flowvariable port"/><output index="1" type="table"><tableSpec><columns><column name="Prediction (FS)" type="Number (double)" index="0"><columnDomain><lowerBound>0.06273392523296102</lowerBound><upperBound>0.8967562622037363</upperBound></columnDomain><columnproperties/></column></columns></tableSpec><successors><successor id="745" portIndex="1"/></successors></output></outputs></node><node id="745" name="Column Rename" type="Manipulator" state="EXECUTED" graphDepth="7" annotation=""><factoryKey className="org.knime.base.node.preproc.rename.RenameNodeFactory"/><settings><setting key="all_columns" type="config"><settings><setting key="0" type="config"><settings><setting key="old_column_name" value="Prediction (FS)" type="xstring"/><setting key="new_column_name" value="FS" type="xstring"/><setting key="new_column_type" value="0" type="xint"/></settings></setting></settings></setting></settings><outputs><output index="0" type="flowvariable port"/><output index="1" type="table"><tableSpec><columns><column name="FS" type="Number (double)" index="0"><columnDomain><lowerBound>0.06273392523296102</lowerBound><upperBound>0.8967562622037363</upperBound></columnDomain><columnproperties/></column></columns></tableSpec><successors><successor id="746" portIndex="2"/></successors></output></outputs></node><node id="746" name="Denormalizer" type="Manipulator" state="EXECUTED" graphDepth="8" annotation="Valores originales"><factoryKey className="org.knime.base.node.preproc.normalize.NormalizerDeNodeFactory"/><settings/><outputs><output index="0" type="flowvariable port"/><output index="1" type="table"><tableSpec><columns><column name="FS" type="Number (double)" index="0"><columnDomain><lowerBound>0.4697995403816939</lowerBound><upperBound>5.091211045307212</upperBound></columnDomain><columnproperties/></column></columns></tableSpec><successors><successor id="747" portIndex="2"/></successors></output></outputs></node><node id="747" name="Joiner" type="Manipulator" state="EXECUTED" graphDepth="9" annotation=""><factoryKey className="org.knime.base.node.preproc.joiner3.Joiner3NodeFactory"/><settings><setting key="includeMatchesInOutput_Internals" type="config"><settings><setting key="SettingsModelID" value="SMID_boolean" type="xstring"/><setting key="EnabledStatus" value="true" type="xboolean"/></settings></setting><setting key="includeMatchesInOutput" value="true" type="xboolean"/><setting key="includeLeftUnmatchedInOutput_Internals" type="config"><settings><setting key="SettingsModelID" value="SMID_boolean" type="xstring"/><setting key="EnabledStatus" value="true" type="xboolean"/></settings></setting><setting key="includeLeftUnmatchedInOutput" value="true" type="xboolean"/><setting key="includeRightUnmatchedInOutput_Internals" type="config"><settings><setting key="SettingsModelID" value="SMID_boolean" type="xstring"/><setting key="EnabledStatus" value="true" type="xboolean"/></settings></setting><setting key="includeRightUnmatchedInOutput" value="true" type="xboolean"/><setting key="leftTableJoinPredicate_Internals" type="config"><settings><setting key="SettingsModelID" value="SMID_stringarray" type="xstring"/><setting key="EnabledStatus" value="true" type="xboolean"/></settings></setting><setting key="leftTableJoinPredicate" type="config"><settings><setting key="array-size" value="1" type="xint"/><setting key="0" value="$RowID$" type="xstring"/></settings></setting><setting key="rightTableJoinPredicate_Internals" type="config"><settings><setting key="SettingsModelID" value="SMID_stringarray" type="xstring"/><setting key="EnabledStatus" value="true" type="xboolean"/></settings></setting><setting key="rightTableJoinPredicate" type="config"><settings><setting key="array-size" value="1" type="xint"/><setting key="0" value="$RowID$" type="xstring"/></settings></setting><setting key="compositionMode_Internals" type="config"><settings><setting key="SettingsModelID" value="SMID_string" type="xstring"/><setting key="EnabledStatus" value="true" type="xboolean"/></settings></setting><setting key="compositionMode" value="MATCH_ALL" type="xstring"/><setting key="mergeJoinColumns_Internals" type="config"><settings><setting key="SettingsModelID" value="SMID_boolean" type="xstring"/><setting key="EnabledStatus" value="true" type="xboolean"/></settings></setting><setting key="mergeJoinColumns" value="false" type="xboolean"/><setting key="dataCellComparisonMode_Internals" type="config"><settings><setting key="SettingsModelID" value="SMID_string" type="xstring"/><setting key="EnabledStatus" value="true" type="xboolean"/></settings></setting><setting key="dataCellComparisonMode" value="STRICT" type="xstring"/><setting key="outputUnmatchedRowsToSeparatePorts_Internals" type="config"><settings><setting key="SettingsModelID" value="SMID_boolean" type="xstring"/><setting key="EnabledStatus" value="true" type="xboolean"/></settings></setting><setting key="outputUnmatchedRowsToSeparatePorts" value="true" type="xboolean"/><setting key="rowKeyFactory_Internals" type="config"><settings><setting key="SettingsModelID" value="SMID_string" type="xstring"/><setting key="EnabledStatus" value="true" type="xboolean"/></settings></setting><setting key="rowKeyFactory" value="CONCATENATE" type="xstring"/><setting key="rowKeySeparator_Internals" type="config"><settings><setting key="SettingsModelID" value="SMID_string" type="xstring"/><setting key="EnabledStatus" value="true" type="xboolean"/></settings></setting><setting key="rowKeySeparator" value="_" type="xstring"/><setting key="duplicateHandling_Internals" type="config"><settings><setting key="SettingsModelID" value="SMID_string" type="xstring"/><setting key="EnabledStatus" value="true" type="xboolean"/></settings></setting><setting key="duplicateHandling" value="APPEND_SUFFIX" type="xstring"/><setting key="suffix_Internals" type="config"><settings><setting key="SettingsModelID" value="SMID_string" type="xstring"/><setting key="EnabledStatus" value="true" type="xboolean"/></settings></setting><setting key="suffix" value=" (right)" type="xstring"/><setting key="outputRowOrder_Internals" type="config"><settings><setting key="SettingsModelID" value="SMID_string" type="xstring"/><setting key="EnabledStatus" value="true" type="xboolean"/></settings></setting><setting key="outputRowOrder" value="ARBITRARY" type="xstring"/><setting key="maxOpenFiles_Internals" type="config"><settings><setting key="SettingsModelID" value="SMID_integer" type="xstring"/><setting key="EnabledStatus" value="true" type="xboolean"/></settings></setting><setting key="maxOpenFiles" value="200" type="xint"/><setting key="enableHiliting_Internals" type="config"><settings><setting key="SettingsModelID" value="SMID_boolean" type="xstring"/><setting key="EnabledStatus" value="true" type="xboolean"/></settings></setting><setting key="enableHiliting" value="false" type="xboolean"/><setting key="leftColumnSelectionConfig" type="config"><settings><setting key="filter-type" value="STANDARD" type="xstring"/><setting key="included_names" type="config"><settings><setting key="array-size" value="6" type="xint"/><setting key="0" value="FS" type="xstring"/><setting key="1" value="PCA dimension 0" type="xstring"/><setting key="2" value="PCA dimension 1" type="xstring"/><setting key="3" value="PCA dimension 2" type="xstring"/><setting key="4" value="PCA dimension 3" type="xstring"/><setting key="5" value="PCA dimension 4" type="xstring"/></settings></setting><setting key="excluded_names" type="config"><settings><setting key="array-size" value="2" type="xint"/><setting key="0" value="Prediction (FS)" type="xstring"/><setting key="1" value="Prediction (FS inicial)" type="xstring"/></settings></setting><setting key="enforce_option" value="EnforceExclusion" type="xstring"/><setting key="name_pattern" type="config"><settings><setting key="pattern" value="" type="xstring"/><setting key="type" value="Wildcard" type="xstring"/><setting key="caseSensitive" value="true" type="xboolean"/><setting key="excludeMatching" value="false" type="xboolean"/></settings></setting><setting key="datatype" type="config"><settings><setting key="typelist" type="config"><settings><setting key="org.knime.core.data.DoubleValue" value="false" type="xboolean"/><setting key="org.knime.core.data.BooleanValue" value="false" type="xboolean"/><setting key="org.knime.core.data.IntValue" value="false" type="xboolean"/><setting key="org.knime.core.data.LongValue" value="false" type="xboolean"/><setting key="org.knime.core.data.StringValue" value="false" type="xboolean"/><setting key="org.knime.core.data.date.DateAndTimeValue" value="false" type="xboolean"/></settings></setting></settings></setting></settings></setting><setting key="rightColumnSelectionConfig" type="config"><settings><setting key="filter-type" value="STANDARD" type="xstring"/><setting key="included_names" type="config"><settings><setting key="array-size" value="1" type="xint"/><setting key="0" value="FS" type="xstring"/></settings></setting><setting key="excluded_names" type="config"><settings><setting key="array-size" value="0" type="xint"/></settings></setting><setting key="enforce_option" value="EnforceExclusion" type="xstring"/><setting key="name_pattern" type="config"><settings><setting key="pattern" value="" type="xstring"/><setting key="type" value="Wildcard" type="xstring"/><setting key="caseSensitive" value="true" type="xboolean"/><setting key="excludeMatching" value="false" type="xboolean"/></settings></setting><setting key="datatype" type="config"><settings><setting key="typelist" type="config"><settings><setting key="org.knime.core.data.DoubleValue" value="false" type="xboolean"/><setting key="org.knime.core.data.BooleanValue" value="false" type="xboolean"/><setting key="org.knime.core.data.IntValue" value="false" type="xboolean"/><setting key="org.knime.core.data.LongValue" value="false" type="xboolean"/><setting key="org.knime.core.data.StringValue" value="false" type="xboolean"/><setting key="org.knime.core.data.date.DateAndTimeValue" value="false" type="xboolean"/></settings></setting></settings></setting></settings></setting></settings><outputs><output index="0" type="flowvariable port"/><output index="1" type="table"><tableSpec><columns><column name="FS" type="Number (double)" index="0"><columnDomain><lowerBound>0.12218381</lowerBound><upperBound>5.6632962</upperBound></columnDomain><columnproperties/></column><column name="PCA dimension 0" type="Number (double)" index="1"><columnDomain><lowerBound>-48.62355395117992</lowerBound><upperBound>53.18409932642535</upperBound></columnDomain><columnproperties/></column><column name="PCA dimension 1" type="Number (double)" index="2"><columnDomain><lowerBound>-40.38196951111716</lowerBound><upperBound>18.263075112241772</upperBound></columnDomain><columnproperties/></column><column name="PCA dimension 2" type="Number (double)" index="3"><columnDomain><lowerBound>-18.34413664547621</lowerBound><upperBound>18.89639214379529</upperBound></columnDomain><columnproperties/></column><column name="PCA dimension 3" type="Number (double)" index="4"><columnDomain><lowerBound>-23.062009972760745</lowerBound><upperBound>20.756505988921038</upperBound></columnDomain><columnproperties/></column><column name="PCA dimension 4" type="Number (double)" index="5"><columnDomain><lowerBound>-11.313220550695123</lowerBound><upperBound>8.070793654808412</upperBound></columnDomain><columnproperties/></column><column name="FS (right)" type="Number (double)" index="6"><columnDomain><lowerBound>0.4697995403816939</lowerBound><upperBound>5.091211045307212</upperBound></columnDomain><columnproperties/></column></columns></tableSpec><successors><successor id="741" portIndex="1"/></successors></output><output index="2" type="table"><tableSpec><columns><column name="FS" type="Number (double)" index="0"><columnDomain><lowerBound>0.12218381</lowerBound><upperBound>5.6632962</upperBound></columnDomain><columnproperties/></column><column name="PCA dimension 0" type="Number (double)" index="1"><columnDomain><lowerBound>-48.62355395117992</lowerBound><upperBound>53.18409932642535</upperBound></columnDomain><columnproperties/></column><column name="PCA dimension 1" type="Number (double)" index="2"><columnDomain><lowerBound>-40.38196951111716</lowerBound><upperBound>18.263075112241772</upperBound></columnDomain><columnproperties/></column><column name="PCA dimension 2" type="Number (double)" index="3"><columnDomain><lowerBound>-18.34413664547621</lowerBound><upperBound>18.89639214379529</upperBound></columnDomain><columnproperties/></column><column name="PCA dimension 3" type="Number (double)" index="4"><columnDomain><lowerBound>-23.062009972760745</lowerBound><upperBound>20.756505988921038</upperBound></columnDomain><columnproperties/></column><column name="PCA dimension 4" type="Number (double)" index="5"><columnDomain><lowerBound>-11.313220550695123</lowerBound><upperBound>8.070793654808412</upperBound></columnDomain><columnproperties/></column></columns></tableSpec></output><output index="3" type="table"><tableSpec><columns><column name="FS" type="Number (double)" index="0"><columnDomain><lowerBound>0.4697995403816939</lowerBound><upperBound>5.091211045307212</upperBound></columnDomain><columnproperties/></column></columns></tableSpec></output></outputs></node><node id="741" name="Numeric Scorer" type="Other" state="EXECUTED" graphDepth="10" annotation="Estadígrafos"><factoryKey className="org.knime.base.node.mine.scorer.numeric2.NumericScorer2NodeFactory"/><settings><setting key="reference_Internals" type="config"><settings><setting key="SettingsModelID" value="SMID_string" type="xstring"/><setting key="EnabledStatus" value="true" type="xboolean"/></settings></setting><setting key="reference" type="config"><settings><setting key="useRowID" value="false" type="xboolean"/><setting key="columnName" value="FS" type="xstring"/></settings></setting><setting key="predicted_Internals" type="config"><settings><setting key="SettingsModelID" value="SMID_string" type="xstring"/><setting key="EnabledStatus" value="true" type="xboolean"/></settings></setting><setting key="predicted" type="config"><settings><setting key="useRowID" value="false" type="xboolean"/><setting key="columnName" value="FS (right)" type="xstring"/></settings></setting><setting key="override default output name_Internals" type="config"><settings><setting key="SettingsModelID" value="SMID_boolean" type="xstring"/><setting key="EnabledStatus" value="true" type="xboolean"/></settings></setting><setting key="override default output name" value="false" type="xboolean"/><setting key="output column_Internals" type="config"><settings><setting key="SettingsModelID" value="SMID_string" type="xstring"/><setting key="EnabledStatus" value="false" type="xboolean"/></settings></setting><setting key="output column" value="FS (right)" type="xstring"/><setting key="name prefix for flowvars_Internals" type="config"><settings><setting key="SettingsModelID" value="SMID_string" type="xstring"/><setting key="EnabledStatus" value="false" type="xboolean"/></settings></setting><setting key="name prefix for flowvars" value="" type="xstring"/><setting key="generate flow variables_Internals" type="config"><settings><setting key="SettingsModelID" value="SMID_boolean" type="xstring"/><setting key="EnabledStatus" value="true" type="xboolean"/></settings></setting><setting key="generate flow variables" value="false" type="xboolean"/><setting key="number_of_predictors_Internals" type="config"><settings><setting key="SettingsModelID" value="SMID_integer" type="xstring"/><setting key="EnabledStatus" value="true" type="xboolean"/></settings></setting><setting key="number_of_predictors" value="0" type="xint"/></settings><outputs><output index="0" type="flowvariable port"/><output index="1" type="table"><tableSpec><columns><column name="FS (right)" type="Number (double)" index="0"><columnDomain><lowerBound>-0.004660188905306777</lowerBound><upperBound>0.9477601758460042</upperBound></columnDomain><columnproperties/></column></columns></tableSpec></output></outputs></node></nodes><annotations/></workflow></WorkflowSummary>