{"version":"1.0.0","summaryCreationDateTime":"2024-11-14 20:08:00 -0800","workflow":{"nodes":[{"id":"292","name":"Excel Reader","type":"Source","state":"EXECUTED","graphDepth":0,"annotation":"Datos de entrada","factoryKey":{"className":"org.knime.ext.poi3.node.io.filehandling.excel.reader.ExcelTableReaderNodeFactory"},"settings":[{"key":"settings","type":"config","settings":[{"key":"sheet_selection","value":"FIRST","type":"xstring"},{"key":"sheet_name","value":"Sheet1","type":"xstring"},{"key":"sheet_index","value":"0","type":"xint"},{"key":"table_contains_column_names","value":"true","type":"xboolean"},{"key":"column_names_row_number","value":"1","type":"xlong"},{"key":"row_id","value":"GENERATE","type":"xstring"},{"key":"row_id_column","value":"A","type":"xstring"},{"key":"sheet_area","value":"ENTIRE","type":"xstring"},{"key":"read_from_column","value":"A","type":"xstring"},{"key":"read_to_column","value":"","type":"xstring"},{"key":"read_from_row","value":"1","type":"xstring"},{"key":"read_to_row","value":"","type":"xstring"},{"key":"empty_col_header_prefix","value":"empty_","type":"xstring"},{"key":"column_name_mode","value":"EXCEL_COL_NAME","type":"xstring"},{"key":"file_selection_Internals","type":"config","settings":[{"key":"SettingsModelID","value":"SMID_ReaderFileChooser","type":"xstring"},{"key":"EnabledStatus","value":"true","type":"xboolean"}]},{"key":"file_selection","type":"config","settings":[{"key":"file_system_chooser__Internals","type":"config","settings":[{"key":"has_fs_port","value":"false","type":"xboolean"},{"key":"overwritten_by_variable","value":"false","type":"xboolean"},{"key":"convenience_fs_category","value":"LOCAL","type":"xstring"},{"key":"relative_to","value":"knime.workflow.data","type":"xstring"},{"key":"mountpoint","value":"LOCAL","type":"xstring"},{"key":"spaceId","value":"","type":"xstring"},{"key":"spaceName","value":"","type":"xstring"},{"key":"custom_url_timeout","value":"1000","type":"xint"},{"key":"connected_fs","value":"true","type":"xboolean"}]},{"key":"path","type":"config","settings":[{"key":"location_present","value":"true","type":"xboolean"},{"key":"file_system_type","value":"LOCAL","type":"xstring"},{"key":"path","value":"E:\\DOCTORADO\\CAPITULO 3\\KNIME\\NUEVO OKOK\\Regresión lineal\\Con el tiempo como variable\\Datos nuevos para poner el tiempo como variable.xlsx","type":"xstring"}]},{"key":"filter_mode_Internals","type":"config","settings":[{"key":"SettingsModelID","value":"SMID_FilterMode","type":"xstring"},{"key":"EnabledStatus","value":"true","type":"xboolean"}]},{"key":"filter_mode","type":"config","settings":[{"key":"filter_mode","value":"FILE","type":"xstring"},{"key":"include_subfolders","value":"false","type":"xboolean"},{"key":"filter_options","type":"config","settings":[{"key":"filter_files_extension","value":"false","type":"xboolean"},{"key":"files_extension_expression","value":"","type":"xstring"},{"key":"files_extension_case_sensitive","value":"false","type":"xboolean"},{"key":"filter_files_name","value":"false","type":"xboolean"},{"key":"files_name_expression","value":"*","type":"xstring"},{"key":"files_name_case_sensitive","value":"false","type":"xboolean"},{"key":"files_name_filter_type","value":"WILDCARD","type":"xstring"},{"key":"include_hidden_files","value":"false","type":"xboolean"},{"key":"include_special_files","value":"true","type":"xboolean"},{"key":"filter_folders_name","value":"false","type":"xboolean"},{"key":"folders_name_expression","value":"*","type":"xstring"},{"key":"folders_name_case_sensitive","value":"false","type":"xboolean"},{"key":"folders_name_filter_type","value":"WILDCARD","type":"xstring"},{"key":"include_hidden_folders","value":"false","type":"xboolean"},{"key":"follow_links","value":"true","type":"xboolean"}]}]}]}]},{"key":"advanced_settings","type":"config","settings":[{"key":"fail_on_differing_specs","value":"true","type":"xboolean"},{"key":"append_path_column_Internals","value":"false","type":"xboolean"},{"key":"path_column_name_Internals","value":"Path","type":"xstring"},{"key":"skip_empty_cols","value":"false","type":"xboolean"},{"key":"skip_empty_rows","value":"true","type":"xboolean"},{"key":"limit_data_rows_scanned","value":"true","type":"xboolean"},{"key":"max_data_rows_scanned","value":"10000","type":"xlong"},{"key":"save_table_spec_config_Internals","value":"true","type":"xboolean"},{"key":"use_15_digits_precision","value":"true","type":"xboolean"},{"key":"skip_hidden_columns","value":"true","type":"xboolean"},{"key":"skip_hidden_rows","value":"true","type":"xboolean"},{"key":"replace_empty_strings_with_missings","value":"true","type":"xboolean"},{"key":"reevaluate_formulas","value":"false","type":"xboolean"},{"key":"formula_error_handling","value":"PATTERN","type":"xstring"},{"key":"formula_error_pattern","value":"#XL_EVAL_ERROR#","type":"xstring"}]},{"key":"encryption","type":"config","settings":[{"key":"password_Internals","type":"config","settings":[{"key":"SettingsModelID","value":"SMID_authentication","type":"xstring"},{"key":"EnabledStatus","value":"true","type":"xboolean"}]},{"key":"password","type":"config","settings":[{"key":"credentials","type":"xstring"},{"key":"username","value":"","type":"xstring"},{"key":"selectedType","value":"NONE","type":"xstring"}]}]}],"outputs":[{"index":0,"type":"flowvariable port"},{"index":1,"type":"table","tableSpec":{"columns":[{"name":"Altura de terraplén","type":"Number (integer)","index":0,"columnDomain":{"lowerBound":"15","upperBound":"40"},"columnProperties":[]},{"name":"Ancho de corona","type":"Number (integer)","index":1,"columnDomain":{"lowerBound":"4","upperBound":"6"},"columnProperties":[]},{"name":"Peso específico","type":"Number (double)","index":2,"columnDomain":{"lowerBound":"16.5823","upperBound":"19.3898"},"columnProperties":[]},{"name":"Cohesión","type":"Number (double)","index":3,"columnDomain":{"lowerBound":"13.8418","upperBound":"67.4528"},"columnProperties":[]},{"name":"Ángulo de fricción interna","type":"Number (double)","index":4,"columnDomain":{"lowerBound":"12.5548","upperBound":"29.4595"},"columnProperties":[]},{"name":"Pemeabilidad saturada","type":"Number (double)","index":5,"columnDomain":{"lowerBound":"4.28574E-8","upperBound":"7.74547E-6"},"columnProperties":[]},{"name":"Contenido volumétrico de agua","type":"Number (double)","index":6,"columnDomain":{"lowerBound":"0.378381604073838","upperBound":"0.553114568018197"},"columnProperties":[]},{"name":"Índice de compresibilidad volumétrica","type":"Number (double)","index":7,"columnDomain":{"lowerBound":"3.99675463523619E-5","upperBound":"1.89886998247343E-4"},"columnProperties":[]},{"name":"Diámetro efectivo para el 60%","type":"Number (double)","index":8,"columnDomain":{"lowerBound":"0.0075","upperBound":"0.25"},"columnProperties":[]},{"name":"Diámetro efectivo para el 10%","type":"Number (double)","index":9,"columnDomain":{"lowerBound":"0.0025","upperBound":"0.027"},"columnProperties":[]},{"name":"Límite líquido","type":"Number (double)","index":10,"columnDomain":{"lowerBound":"33.2495","upperBound":"72.0452"},"columnProperties":[]},{"name":"Velocidad","type":"Number (double)","index":11,"columnDomain":{"lowerBound":"0.1","upperBound":"0.3"},"columnProperties":[]},{"name":"Tiempo","type":"Number (integer)","index":12,"columnDomain":{"lowerBound":"0","upperBound":"100"},"columnProperties":[]},{"name":"FS","type":"Number (double)","index":13,"columnDomain":{"lowerBound":"0.12218381","upperBound":"5.6632962"},"columnProperties":[]}]},"successors":[{"id":"297","portIndex":1},{"id":"429","portIndex":1}]}]},{"id":"297","name":"PCA","type":"Manipulator","state":"EXECUTED","graphDepth":1,"annotation":"PCA","factoryKey":{"className":"org.knime.base.node.mine.transformation.pca.perform.PCA2NodeFactory"},"settings":[{"key":"used_columns_Internals","type":"config","settings":[{"key":"SettingsModelID","value":"SMID_columnfilter","type":"xstring"},{"key":"EnabledStatus","value":"true","type":"xboolean"}]},{"key":"used_columns","type":"config","settings":[{"key":"filter-type","value":"STANDARD","type":"xstring"},{"key":"included_names","type":"config","settings":[{"key":"array-size","value":"13","type":"xint"},{"key":"0","value":"Altura de terraplén","type":"xstring"},{"key":"1","value":"Ancho de corona","type":"xstring"},{"key":"2","value":"Peso específico","type":"xstring"},{"key":"3","value":"Cohesión","type":"xstring"},{"key":"4","value":"Ángulo de fricción interna","type":"xstring"},{"key":"5","value":"Pemeabilidad saturada","type":"xstring"},{"key":"6","value":"Contenido volumétrico de agua","type":"xstring"},{"key":"7","value":"Índice de compresibilidad volumétrica","type":"xstring"},{"key":"8","value":"Diámetro efectivo para el 60%","type":"xstring"},{"key":"9","value":"Diámetro efectivo para el 10%","type":"xstring"},{"key":"10","value":"Límite líquido","type":"xstring"},{"key":"11","value":"Velocidad","type":"xstring"},{"key":"12","value":"Tiempo","type":"xstring"}]},{"key":"excluded_names","type":"config","settings":[{"key":"array-size","value":"2","type":"xint"},{"key":"0","value":"FS","type":"xstring"},{"key":"1","value":"FS inicial","type":"xstring"}]},{"key":"enforce_option","value":"EnforceExclusion","type":"xstring"},{"key":"name_pattern","type":"config","settings":[{"key":"pattern","value":"","type":"xstring"},{"key":"type","value":"Wildcard","type":"xstring"},{"key":"caseSensitive","value":"true","type":"xboolean"},{"key":"excludeMatching","value":"false","type":"xboolean"}]},{"key":"datatype","type":"config","settings":[{"key":"typelist","type":"config","settings":[{"key":"org.knime.core.data.IntValue","value":"false","type":"xboolean"},{"key":"org.knime.core.data.DoubleValue","value":"false","type":"xboolean"}]}]}]},{"key":"fail_on_missings_Internals","type":"config","settings":[{"key":"SettingsModelID","value":"SMID_boolean","type":"xstring"},{"key":"EnabledStatus","value":"true","type":"xboolean"}]},{"key":"fail_on_missings","value":"false","type":"xboolean"},{"key":"remove_used_columns_Internals","type":"config","settings":[{"key":"SettingsModelID","value":"SMID_boolean","type":"xstring"},{"key":"EnabledStatus","value":"true","type":"xboolean"}]},{"key":"remove_used_columns","value":"true","type":"xboolean"},{"key":"number_of_dimensions_Internals","type":"config","settings":[{"key":"SettingsModelID","value":"SMID_integer","type":"xstring"},{"key":"EnabledStatus","value":"true","type":"xboolean"}]},{"key":"number_of_dimensions","value":"5","type":"xint"},{"key":"information_preservation_Internals","type":"config","settings":[{"key":"SettingsModelID","value":"SMID_double","type":"xstring"},{"key":"EnabledStatus","value":"false","type":"xboolean"}]},{"key":"information_preservation","value":"100.0","type":"xdouble"},{"key":"use_fixed_number_dimensions_Internals","type":"config","settings":[{"key":"SettingsModelID","value":"SMID_boolean","type":"xstring"},{"key":"EnabledStatus","value":"true","type":"xboolean"}]},{"key":"use_fixed_number_dimensions","value":"true","type":"xboolean"}],"outputs":[{"index":0,"type":"flowvariable port"},{"index":1,"type":"table","tableSpec":{"columns":[{"name":"FS","type":"Number (double)","index":0,"columnDomain":{"lowerBound":"0.12218381","upperBound":"5.6632962"},"columnProperties":[]},{"name":"PCA dimension 0","type":"Number (double)","index":1,"columnDomain":{"lowerBound":"-48.62355395117992","upperBound":"53.18409932642535"},"columnProperties":[]},{"name":"PCA dimension 1","type":"Number (double)","index":2,"columnDomain":{"lowerBound":"-40.38196951111716","upperBound":"18.263075112241772"},"columnProperties":[]},{"name":"PCA dimension 2","type":"Number (double)","index":3,"columnDomain":{"lowerBound":"-18.34413664547621","upperBound":"18.89639214379529"},"columnProperties":[]},{"name":"PCA dimension 3","type":"Number (double)","index":4,"columnDomain":{"lowerBound":"-23.062009972760745","upperBound":"20.756505988921038"},"columnProperties":[]},{"name":"PCA dimension 4","type":"Number (double)","index":5,"columnDomain":{"lowerBound":"-11.313220550695123","upperBound":"8.070793654808412"},"columnProperties":[]}]},"successors":[{"id":"295","portIndex":1}]}]},{"id":"429","name":"PCA Compute","type":"Manipulator","state":"EXECUTED","graphDepth":1,"factoryKey":{"className":"org.knime.base.node.mine.transformation.pca.compute.PCA2ComputeNodeFactory"},"settings":[{"key":"used_columns_Internals","type":"config","settings":[{"key":"SettingsModelID","value":"SMID_columnfilter","type":"xstring"},{"key":"EnabledStatus","value":"true","type":"xboolean"}]},{"key":"used_columns","type":"config","settings":[{"key":"filter-type","value":"STANDARD","type":"xstring"},{"key":"included_names","type":"config","settings":[{"key":"array-size","value":"13","type":"xint"},{"key":"0","value":"Altura de terraplén","type":"xstring"},{"key":"1","value":"Ancho de corona","type":"xstring"},{"key":"2","value":"Peso específico","type":"xstring"},{"key":"3","value":"Cohesión","type":"xstring"},{"key":"4","value":"Ángulo de fricción interna","type":"xstring"},{"key":"5","value":"Pemeabilidad saturada","type":"xstring"},{"key":"6","value":"Contenido volumétrico de agua","type":"xstring"},{"key":"7","value":"Índice de compresibilidad volumétrica","type":"xstring"},{"key":"8","value":"Diámetro efectivo para el 60%","type":"xstring"},{"key":"9","value":"Diámetro efectivo para el 10%","type":"xstring"},{"key":"10","value":"Límite líquido","type":"xstring"},{"key":"11","value":"Velocidad","type":"xstring"},{"key":"12","value":"Tiempo","type":"xstring"}]},{"key":"excluded_names","type":"config","settings":[{"key":"array-size","value":"2","type":"xint"},{"key":"0","value":"FS","type":"xstring"},{"key":"1","value":"FS inicial","type":"xstring"}]},{"key":"enforce_option","value":"EnforceExclusion","type":"xstring"},{"key":"name_pattern","type":"config","settings":[{"key":"pattern","value":"","type":"xstring"},{"key":"type","value":"Wildcard","type":"xstring"},{"key":"caseSensitive","value":"true","type":"xboolean"},{"key":"excludeMatching","value":"false","type":"xboolean"}]},{"key":"datatype","type":"config","settings":[{"key":"typelist","type":"config","settings":[{"key":"org.knime.core.data.IntValue","value":"false","type":"xboolean"},{"key":"org.knime.core.data.DoubleValue","value":"false","type":"xboolean"}]}]}]},{"key":"fail_on_missings_Internals","type":"config","settings":[{"key":"SettingsModelID","value":"SMID_boolean","type":"xstring"},{"key":"EnabledStatus","value":"true","type":"xboolean"}]},{"key":"fail_on_missings","value":"false","type":"xboolean"}],"outputs":[{"index":0,"type":"flowvariable port"},{"index":1,"type":"table","tableSpec":{"columns":[{"name":"Altura de terraplén","type":"Number (double)","index":0,"columnDomain":{"lowerBound":"-7.800985335123203","upperBound":"103.23058655629387"},"columnProperties":[]},{"name":"Ancho de corona","type":"Number (double)","index":1,"columnDomain":{"lowerBound":"-0.6683380865017147","upperBound":"8.471053764073382"},"columnProperties":[]},{"name":"Peso específico","type":"Number (double)","index":2,"columnDomain":{"lowerBound":"-0.6151425840325718","upperBound":"1.8917480358214924"},"columnProperties":[]},{"name":"Cohesión","type":"Number (double)","index":3,"columnDomain":{"lowerBound":"-18.368110508134595","upperBound":"163.32745216698336"},"columnProperties":[]},{"name":"Ángulo de fricción interna","type":"Number (double)","index":4,"columnDomain":{"lowerBound":"-2.4371368395342037","upperBound":"20.549642017197325"},"columnProperties":[]},{"name":"Pemeabilidad saturada","type":"Number (double)","index":5,"columnDomain":{"lowerBound":"-1.3967893708297703E-6","upperBound":"2.981206221369393E-8"},"columnProperties":[]},{"name":"Contenido volumétrico de agua","type":"Number (double)","index":6,"columnDomain":{"lowerBound":"-0.021976061920195016","upperBound":"0.02473865457750763"},"columnProperties":[]},{"name":"Índice de compresibilidad volumétrica","type":"Number (double)","index":7,"columnDomain":{"lowerBound":"-1.7468944041756964E-5","upperBound":"1.1895417744829603E-4"},"columnProperties":[]},{"name":"Diámetro efectivo para el 60%","type":"Number (double)","index":8,"columnDomain":{"lowerBound":"-0.03942458230150961","upperBound":"0.18980435215915814"},"columnProperties":[]},{"name":"Diámetro efectivo para el 10%","type":"Number (double)","index":9,"columnDomain":{"lowerBound":"-0.0033713587090305236","upperBound":"0.0017374273006514815"},"columnProperties":[]},{"name":"Límite líquido","type":"Number (double)","index":10,"columnDomain":{"lowerBound":"-11.449424551119243","upperBound":"90.94655102953419"},"columnProperties":[]},{"name":"Velocidad","type":"Number (double)","index":11,"columnDomain":{"lowerBound":"-0.03233010904385072","upperBound":"0.06195536994900089"},"columnProperties":[]},{"name":"Tiempo","type":"Number (double)","index":12,"columnDomain":{"lowerBound":"-18.368110508134595","upperBound":"973.9569272810376"},"columnProperties":[]}]}},{"index":2,"type":"table","tableSpec":{"columns":[{"name":"eigenvalue","type":"Number (double)","index":0,"columnDomain":{"lowerBound":"1.6386436783866584E-12","upperBound":"974.8022424410111"},"columnProperties":[]},{"name":"Altura de terraplén","type":"Number (double)","index":1,"columnDomain":{"lowerBound":"-0.017330639549171342","upperBound":"0.9650790372290032"},"columnProperties":[]},{"name":"Ancho de corona","type":"Number (double)","index":2,"columnDomain":{"lowerBound":"-0.9966231063910138","upperBound":"0.07936925659943901"},"columnProperties":[]},{"name":"Peso específico","type":"Number (double)","index":3,"columnDomain":{"lowerBound":"-0.9988768587016991","upperBound":"0.019755107754670348"},"columnProperties":[]},{"name":"Cohesión","type":"Number (double)","index":4,"columnDomain":{"lowerBound":"-0.9669092316115043","upperBound":"0.17082235113062436"},"columnProperties":[]},{"name":"Ángulo de fricción interna","type":"Number (double)","index":5,"columnDomain":{"lowerBound":"-0.9820956842577572","upperBound":"0.17584832134337414"},"columnProperties":[]},{"name":"Pemeabilidad saturada","type":"Number (double)","index":6,"columnDomain":{"lowerBound":"-0.9998751372840691","upperBound":"6.543511587222189E-6"},"columnProperties":[]},{"name":"Contenido volumétrico de agua","type":"Number (double)","index":7,"columnDomain":{"lowerBound":"-0.9112216835306964","upperBound":"0.4117701841202732"},"columnProperties":[]},{"name":"Índice de compresibilidad volumétrica","type":"Number (double)","index":8,"columnDomain":{"lowerBound":"-0.9998743690916982","upperBound":"0.01580220441189016"},"columnProperties":[]},{"name":"Diámetro efectivo para el 60%","type":"Number (double)","index":9,"columnDomain":{"lowerBound":"-0.012002138147282874","upperBound":"0.9109476025974116"},"columnProperties":[]},{"name":"Diámetro efectivo para el 10%","type":"Number (double)","index":10,"columnDomain":{"lowerBound":"-0.0033601725698730305","upperBound":"0.9998854353989239"},"columnProperties":[]},{"name":"Límite líquido","type":"Number (double)","index":11,"columnDomain":{"lowerBound":"-0.21398761540020023","upperBound":"0.9426111207842499"},"columnProperties":[]},{"name":"Velocidad","type":"Number (double)","index":12,"columnDomain":{"lowerBound":"-0.004073318340348108","upperBound":"0.999975051089976"},"columnProperties":[]},{"name":"Tiempo","type":"Number (double)","index":13,"columnDomain":{"lowerBound":"-0.9994870802777998","upperBound":"0.005198817821387662"},"columnProperties":[]}]},"successors":[{"id":"430","portIndex":2}]},{"index":3,"type":"PortType(TransformationPortObjectSpec,TransformationPortObject)","successors":[{"id":"430","portIndex":1}]}]},{"id":"295","name":"Partitioning","type":"Manipulator","state":"EXECUTED","graphDepth":2,"annotation":"70% Entrenamiento\r\n30% Prueba","factoryKey":{"className":"org.knime.base.node.preproc.partition.PartitionNodeFactory"},"settings":[{"key":"method","value":"Relative","type":"xstring"},{"key":"samplingMethod","value":"Random","type":"xstring"},{"key":"fraction","value":"0.7","type":"xdouble"},{"key":"count","value":"100","type":"xint"},{"key":"random_seed","type":"xstring"},{"key":"class_column","type":"xstring"}],"outputs":[{"index":0,"type":"flowvariable port"},{"index":1,"type":"table","tableSpec":{"columns":[{"name":"FS","type":"Number (double)","index":0,"columnDomain":{"lowerBound":"0.12218381","upperBound":"5.6632962"},"columnProperties":[]},{"name":"PCA dimension 0","type":"Number (double)","index":1,"columnDomain":{"lowerBound":"-48.62355395117992","upperBound":"53.18409932642535"},"columnProperties":[]},{"name":"PCA dimension 1","type":"Number (double)","index":2,"columnDomain":{"lowerBound":"-40.38196951111716","upperBound":"18.263075112241772"},"columnProperties":[]},{"name":"PCA dimension 2","type":"Number (double)","index":3,"columnDomain":{"lowerBound":"-18.34413664547621","upperBound":"18.89639214379529"},"columnProperties":[]},{"name":"PCA dimension 3","type":"Number (double)","index":4,"columnDomain":{"lowerBound":"-23.062009972760745","upperBound":"20.756505988921038"},"columnProperties":[]},{"name":"PCA dimension 4","type":"Number (double)","index":5,"columnDomain":{"lowerBound":"-11.313220550695123","upperBound":"8.070793654808412"},"columnProperties":[]}]},"successors":[{"id":"287","portIndex":1}]},{"index":2,"type":"table","tableSpec":{"columns":[{"name":"FS","type":"Number (double)","index":0,"columnDomain":{"lowerBound":"0.12218381","upperBound":"5.6632962"},"columnProperties":[]},{"name":"PCA dimension 0","type":"Number (double)","index":1,"columnDomain":{"lowerBound":"-48.62355395117992","upperBound":"53.18409932642535"},"columnProperties":[]},{"name":"PCA dimension 1","type":"Number (double)","index":2,"columnDomain":{"lowerBound":"-40.38196951111716","upperBound":"18.263075112241772"},"columnProperties":[]},{"name":"PCA dimension 2","type":"Number (double)","index":3,"columnDomain":{"lowerBound":"-18.34413664547621","upperBound":"18.89639214379529"},"columnProperties":[]},{"name":"PCA dimension 3","type":"Number (double)","index":4,"columnDomain":{"lowerBound":"-23.062009972760745","upperBound":"20.756505988921038"},"columnProperties":[]},{"name":"PCA dimension 4","type":"Number (double)","index":5,"columnDomain":{"lowerBound":"-11.313220550695123","upperBound":"8.070793654808412"},"columnProperties":[]}]},"successors":[{"id":"744","portIndex":2}]}]},{"id":"430","name":"PCA Apply","type":"Manipulator","state":"EXECUTED","graphDepth":2,"factoryKey":{"className":"org.knime.base.node.mine.transformation.pca.apply.PCA2ApplyNodeFactory"},"settings":[{"key":"remove_used_columns_Internals","type":"config","settings":[{"key":"SettingsModelID","value":"SMID_boolean","type":"xstring"},{"key":"EnabledStatus","value":"true","type":"xboolean"}]},{"key":"remove_used_columns","value":"true","type":"xboolean"},{"key":"number_of_dimensions_Internals","type":"config","settings":[{"key":"SettingsModelID","value":"SMID_integer","type":"xstring"},{"key":"EnabledStatus","value":"true","type":"xboolean"}]},{"key":"number_of_dimensions","value":"5","type":"xint"},{"key":"fail_on_missings_Internals","type":"config","settings":[{"key":"SettingsModelID","value":"SMID_boolean","type":"xstring"},{"key":"EnabledStatus","value":"true","type":"xboolean"}]},{"key":"fail_on_missings","value":"false","type":"xboolean"},{"key":"information_preservation_Internals","type":"config","settings":[{"key":"SettingsModelID","value":"SMID_double","type":"xstring"},{"key":"EnabledStatus","value":"false","type":"xboolean"}]},{"key":"information_preservation","value":"100.0","type":"xdouble"},{"key":"use_fixed_number_dimensions_Internals","type":"config","settings":[{"key":"SettingsModelID","value":"SMID_boolean","type":"xstring"},{"key":"EnabledStatus","value":"true","type":"xboolean"}]},{"key":"use_fixed_number_dimensions","value":"true","type":"xboolean"}],"outputs":[{"index":0,"type":"flowvariable port"},{"index":1,"type":"table","tableSpec":{"columns":[{"name":"eigenvalue","type":"Number (double)","index":0,"columnDomain":{"lowerBound":"1.6386436783866584E-12","upperBound":"974.8022424410111"},"columnProperties":[]},{"name":"PCA dimension 0","type":"Number (double)","index":1,"columnDomain":{"lowerBound":"51.05026656739346","upperBound":"52.05026656739347"},"columnProperties":[]},{"name":"PCA dimension 1","type":"Number (double)","index":2,"columnDomain":{"lowerBound":"38.92115445302594","upperBound":"39.921154453025935"},"columnProperties":[]},{"name":"PCA dimension 2","type":"Number (double)","index":3,"columnDomain":{"lowerBound":"-22.9297576990991","upperBound":"-21.92975769909908"},"columnProperties":[]},{"name":"PCA dimension 3","type":"Number (double)","index":4,"columnDomain":{"lowerBound":"-53.72639583768285","upperBound":"-52.72639583768284"},"columnProperties":[]},{"name":"PCA dimension 4","type":"Number (double)","index":5,"columnDomain":{"lowerBound":"8.18961718269228","upperBound":"9.189617182692288"},"columnProperties":[]}]}}]},{"id":"287","name":"Normalizer","type":"Manipulator","state":"EXECUTED","graphDepth":3,"annotation":"Valores ente 0 y 1","factoryKey":{"className":"org.knime.base.node.preproc.normalize3.Normalizer3NodeFactory"},"settings":[{"key":"mode","value":"MINMAX","type":"xstring"},{"key":"new-min","value":"0.0","type":"xdouble"},{"key":"new-max","value":"1.0","type":"xdouble"},{"key":"data-column-filter","type":"config","settings":[{"key":"filter-type","value":"STANDARD","type":"xstring"},{"key":"included_names","type":"config","settings":[{"key":"array-size","value":"1","type":"xint"},{"key":"0","value":"FS","type":"xstring"}]},{"key":"excluded_names","type":"config","settings":[{"key":"array-size","value":"5","type":"xint"},{"key":"0","value":"PCA dimension 0","type":"xstring"},{"key":"1","value":"PCA dimension 1","type":"xstring"},{"key":"2","value":"PCA dimension 2","type":"xstring"},{"key":"3","value":"PCA dimension 3","type":"xstring"},{"key":"4","value":"PCA dimension 4","type":"xstring"}]},{"key":"enforce_option","value":"EnforceInclusion","type":"xstring"},{"key":"name_pattern","type":"config","settings":[{"key":"pattern","value":"","type":"xstring"},{"key":"type","value":"Wildcard","type":"xstring"},{"key":"caseSensitive","value":"true","type":"xboolean"},{"key":"excludeMatching","value":"false","type":"xboolean"}]},{"key":"datatype","type":"config","settings":[{"key":"typelist","type":"config","settings":[{"key":"org.knime.core.data.DoubleValue","value":"false","type":"xboolean"}]}]}]}],"outputs":[{"index":0,"type":"flowvariable port"},{"index":1,"type":"table","tableSpec":{"columns":[{"name":"FS","type":"Number (double)","index":0,"columnDomain":{"lowerBound":"0.0","upperBound":"1.0"},"columnProperties":[]},{"name":"PCA dimension 0","type":"Number (double)","index":1,"columnDomain":{"lowerBound":"-48.62355395117992","upperBound":"53.18409932642535"},"columnProperties":[]},{"name":"PCA dimension 1","type":"Number (double)","index":2,"columnDomain":{"lowerBound":"-40.38196951111716","upperBound":"18.263075112241772"},"columnProperties":[]},{"name":"PCA dimension 2","type":"Number (double)","index":3,"columnDomain":{"lowerBound":"-18.34413664547621","upperBound":"18.89639214379529"},"columnProperties":[]},{"name":"PCA dimension 3","type":"Number (double)","index":4,"columnDomain":{"lowerBound":"-23.062009972760745","upperBound":"20.756505988921038"},"columnProperties":[]},{"name":"PCA dimension 4","type":"Number (double)","index":5,"columnDomain":{"lowerBound":"-11.313220550695123","upperBound":"8.070793654808412"},"columnProperties":[]}]},"successors":[{"id":"743","portIndex":1}]},{"index":2,"type":"PortType(DataTableSpec,NormalizerPortObject)","tableSpec":{"columns":[{"name":"FS","type":"Number (double)","index":0,"columnDomain":{"lowerBound":"0.12218381","upperBound":"5.6632962"},"columnProperties":[]}]},"successors":[{"id":"746","portIndex":1}]}]},{"id":"743","name":"RProp MLP Learner","type":"Learner","state":"EXECUTED","graphDepth":4,"annotation":"2 HL\r\n10 neurons","factoryKey":{"className":"org.knime.base.node.mine.neural.rprop.RPropNodeFactory2"},"settings":[{"key":"maxiter_Internals","type":"config","settings":[{"key":"SettingsModelID","value":"SMID_integer","type":"xstring"},{"key":"EnabledStatus","value":"true","type":"xboolean"}]},{"key":"maxiter","value":"10000","type":"xint"},{"key":"hiddenlayer_Internals","type":"config","settings":[{"key":"SettingsModelID","value":"SMID_integer","type":"xstring"},{"key":"EnabledStatus","value":"true","type":"xboolean"}]},{"key":"hiddenlayer","value":"2","type":"xint"},{"key":"nrhiddenneurons_Internals","type":"config","settings":[{"key":"SettingsModelID","value":"SMID_integer","type":"xstring"},{"key":"EnabledStatus","value":"true","type":"xboolean"}]},{"key":"nrhiddenneurons","value":"5","type":"xint"},{"key":"classcol_Internals","type":"config","settings":[{"key":"SettingsModelID","value":"SMID_string","type":"xstring"},{"key":"EnabledStatus","value":"true","type":"xboolean"}]},{"key":"classcol","value":"FS","type":"xstring"},{"key":"ignoremv_Internals","type":"config","settings":[{"key":"SettingsModelID","value":"SMID_boolean","type":"xstring"},{"key":"EnabledStatus","value":"true","type":"xboolean"}]},{"key":"ignoremv","value":"false","type":"xboolean"},{"key":"useRandomSeed_Internals","type":"config","settings":[{"key":"SettingsModelID","value":"SMID_boolean","type":"xstring"},{"key":"EnabledStatus","value":"true","type":"xboolean"}]},{"key":"useRandomSeed","value":"false","type":"xboolean"},{"key":"randomSeed_Internals","type":"config","settings":[{"key":"SettingsModelID","value":"SMID_integer","type":"xstring"},{"key":"EnabledStatus","value":"false","type":"xboolean"}]},{"key":"randomSeed","value":"1278460233","type":"xint"}],"outputs":[{"index":0,"type":"flowvariable port"},{"index":1,"type":"PortType(PMMLPortObjectSpec,PMMLPortObject)","successors":[{"id":"744","portIndex":1}]}]},{"id":"744","name":"MultiLayerPerceptron Predictor","type":"Predictor","state":"EXECUTED","graphDepth":5,"annotation":"FS inicial","factoryKey":{"className":"org.knime.base.node.mine.neural.mlp2.MLPPredictorNodeFactory"},"settings":[{"key":"prediction column name_Internals","type":"config","settings":[{"key":"SettingsModelID","value":"SMID_string","type":"xstring"},{"key":"EnabledStatus","value":"false","type":"xboolean"}]},{"key":"prediction column name","value":"Prediction (FS inicial)","type":"xstring"},{"key":"change prediction_Internals","type":"config","settings":[{"key":"SettingsModelID","value":"SMID_boolean","type":"xstring"},{"key":"EnabledStatus","value":"true","type":"xboolean"}]},{"key":"change prediction","value":"false","type":"xboolean"},{"key":"append probabilities_Internals","type":"config","settings":[{"key":"SettingsModelID","value":"SMID_boolean","type":"xstring"},{"key":"EnabledStatus","value":"true","type":"xboolean"}]},{"key":"append probabilities","value":"false","type":"xboolean"},{"key":"class probability suffix_Internals","type":"config","settings":[{"key":"SettingsModelID","value":"SMID_string","type":"xstring"},{"key":"EnabledStatus","value":"false","type":"xboolean"}]},{"key":"class probability suffix","value":"","type":"xstring"}],"outputs":[{"index":0,"type":"flowvariable port"},{"index":1,"type":"table","tableSpec":{"columns":[{"name":"FS","type":"Number (double)","index":0,"columnDomain":{"lowerBound":"0.12218381","upperBound":"5.6632962"},"columnProperties":[]},{"name":"PCA dimension 0","type":"Number (double)","index":1,"columnDomain":{"lowerBound":"-48.62355395117992","upperBound":"53.18409932642535"},"columnProperties":[]},{"name":"PCA dimension 1","type":"Number (double)","index":2,"columnDomain":{"lowerBound":"-40.38196951111716","upperBound":"18.263075112241772"},"columnProperties":[]},{"name":"PCA dimension 2","type":"Number (double)","index":3,"columnDomain":{"lowerBound":"-18.34413664547621","upperBound":"18.89639214379529"},"columnProperties":[]},{"name":"PCA dimension 3","type":"Number (double)","index":4,"columnDomain":{"lowerBound":"-23.062009972760745","upperBound":"20.756505988921038"},"columnProperties":[]},{"name":"PCA dimension 4","type":"Number (double)","index":5,"columnDomain":{"lowerBound":"-11.313220550695123","upperBound":"8.070793654808412"},"columnProperties":[]},{"name":"Prediction (FS)","type":"Number (double)","index":6,"columnDomain":{"lowerBound":"0.06273392523296102","upperBound":"0.8967562622037363"},"columnProperties":[]}]},"successors":[{"id":"742","portIndex":1},{"id":"747","portIndex":1}]}]},{"id":"742","name":"Column Filter","type":"Manipulator","state":"EXECUTED","graphDepth":6,"annotation":"","factoryKey":{"className":"org.knime.base.node.preproc.filter.column.DataColumnSpecFilterNodeFactory"},"settings":[{"key":"column-filter","type":"config","settings":[{"key":"filter-type","value":"STANDARD","type":"xstring"},{"key":"included_names","type":"config","settings":[{"key":"array-size","value":"1","type":"xint"},{"key":"0","value":"Prediction (FS)","type":"xstring"}]},{"key":"excluded_names","type":"config","settings":[{"key":"array-size","value":"20","type":"xint"},{"key":"0","value":"FS","type":"xstring"},{"key":"1","value":"PCA dimension 0","type":"xstring"},{"key":"2","value":"PCA dimension 1","type":"xstring"},{"key":"3","value":"PCA dimension 2","type":"xstring"},{"key":"4","value":"PCA dimension 3","type":"xstring"},{"key":"5","value":"PCA dimension 4","type":"xstring"},{"key":"6","value":"FS inicial","type":"xstring"},{"key":"7","value":"PCA dimension 5","type":"xstring"},{"key":"8","value":"Altura de cortina","type":"xstring"},{"key":"9","value":"Ancho de corona","type":"xstring"},{"key":"10","value":"Peso específico","type":"xstring"},{"key":"11","value":"Cohesión","type":"xstring"},{"key":"12","value":"Ángulo de fricción interna","type":"xstring"},{"key":"13","value":"Pemeabilidad saturada","type":"xstring"},{"key":"14","value":"Contenido volumétrico de agua","type":"xstring"},{"key":"15","value":"Índice de compresibilidad volumétrica","type":"xstring"},{"key":"16","value":"Diámetro efectivo para el 60%","type":"xstring"},{"key":"17","value":"Diámetro efectivo para el 10%","type":"xstring"},{"key":"18","value":"Límite líquido","type":"xstring"},{"key":"19","value":"Velocidad","type":"xstring"}]},{"key":"enforce_option","value":"EnforceExclusion","type":"xstring"},{"key":"name_pattern","type":"config","settings":[{"key":"pattern","value":"","type":"xstring"},{"key":"type","value":"Wildcard","type":"xstring"},{"key":"caseSensitive","value":"true","type":"xboolean"},{"key":"excludeMatching","value":"false","type":"xboolean"}]},{"key":"datatype","type":"config","settings":[{"key":"typelist","type":"config","settings":[{"key":"org.knime.core.data.DoubleValue","value":"false","type":"xboolean"},{"key":"org.knime.core.data.BooleanValue","value":"false","type":"xboolean"},{"key":"org.knime.core.data.IntValue","value":"false","type":"xboolean"},{"key":"org.knime.core.data.LongValue","value":"false","type":"xboolean"},{"key":"org.knime.core.data.StringValue","value":"false","type":"xboolean"},{"key":"org.knime.core.data.date.DateAndTimeValue","value":"false","type":"xboolean"}]}]}]}],"outputs":[{"index":0,"type":"flowvariable port"},{"index":1,"type":"table","tableSpec":{"columns":[{"name":"Prediction (FS)","type":"Number (double)","index":0,"columnDomain":{"lowerBound":"0.06273392523296102","upperBound":"0.8967562622037363"},"columnProperties":[]}]},"successors":[{"id":"745","portIndex":1}]}]},{"id":"745","name":"Column Rename","type":"Manipulator","state":"EXECUTED","graphDepth":7,"annotation":"","factoryKey":{"className":"org.knime.base.node.preproc.rename.RenameNodeFactory"},"settings":[{"key":"all_columns","type":"config","settings":[{"key":"0","type":"config","settings":[{"key":"old_column_name","value":"Prediction (FS)","type":"xstring"},{"key":"new_column_name","value":"FS","type":"xstring"},{"key":"new_column_type","value":"0","type":"xint"}]}]}],"outputs":[{"index":0,"type":"flowvariable port"},{"index":1,"type":"table","tableSpec":{"columns":[{"name":"FS","type":"Number (double)","index":0,"columnDomain":{"lowerBound":"0.06273392523296102","upperBound":"0.8967562622037363"},"columnProperties":[]}]},"successors":[{"id":"746","portIndex":2}]}]},{"id":"746","name":"Denormalizer","type":"Manipulator","state":"EXECUTED","graphDepth":8,"annotation":"Valores originales","factoryKey":{"className":"org.knime.base.node.preproc.normalize.NormalizerDeNodeFactory"},"settings":[],"outputs":[{"index":0,"type":"flowvariable port"},{"index":1,"type":"table","tableSpec":{"columns":[{"name":"FS","type":"Number (double)","index":0,"columnDomain":{"lowerBound":"0.4697995403816939","upperBound":"5.091211045307212"},"columnProperties":[]}]},"successors":[{"id":"747","portIndex":2}]}]},{"id":"747","name":"Joiner","type":"Manipulator","state":"EXECUTED","graphDepth":9,"annotation":"","factoryKey":{"className":"org.knime.base.node.preproc.joiner3.Joiner3NodeFactory"},"settings":[{"key":"includeMatchesInOutput_Internals","type":"config","settings":[{"key":"SettingsModelID","value":"SMID_boolean","type":"xstring"},{"key":"EnabledStatus","value":"true","type":"xboolean"}]},{"key":"includeMatchesInOutput","value":"true","type":"xboolean"},{"key":"includeLeftUnmatchedInOutput_Internals","type":"config","settings":[{"key":"SettingsModelID","value":"SMID_boolean","type":"xstring"},{"key":"EnabledStatus","value":"true","type":"xboolean"}]},{"key":"includeLeftUnmatchedInOutput","value":"true","type":"xboolean"},{"key":"includeRightUnmatchedInOutput_Internals","type":"config","settings":[{"key":"SettingsModelID","value":"SMID_boolean","type":"xstring"},{"key":"EnabledStatus","value":"true","type":"xboolean"}]},{"key":"includeRightUnmatchedInOutput","value":"true","type":"xboolean"},{"key":"leftTableJoinPredicate_Internals","type":"config","settings":[{"key":"SettingsModelID","value":"SMID_stringarray","type":"xstring"},{"key":"EnabledStatus","value":"true","type":"xboolean"}]},{"key":"leftTableJoinPredicate","type":"config","settings":[{"key":"array-size","value":"1","type":"xint"},{"key":"0","value":"$RowID$","type":"xstring"}]},{"key":"rightTableJoinPredicate_Internals","type":"config","settings":[{"key":"SettingsModelID","value":"SMID_stringarray","type":"xstring"},{"key":"EnabledStatus","value":"true","type":"xboolean"}]},{"key":"rightTableJoinPredicate","type":"config","settings":[{"key":"array-size","value":"1","type":"xint"},{"key":"0","value":"$RowID$","type":"xstring"}]},{"key":"compositionMode_Internals","type":"config","settings":[{"key":"SettingsModelID","value":"SMID_string","type":"xstring"},{"key":"EnabledStatus","value":"true","type":"xboolean"}]},{"key":"compositionMode","value":"MATCH_ALL","type":"xstring"},{"key":"mergeJoinColumns_Internals","type":"config","settings":[{"key":"SettingsModelID","value":"SMID_boolean","type":"xstring"},{"key":"EnabledStatus","value":"true","type":"xboolean"}]},{"key":"mergeJoinColumns","value":"false","type":"xboolean"},{"key":"dataCellComparisonMode_Internals","type":"config","settings":[{"key":"SettingsModelID","value":"SMID_string","type":"xstring"},{"key":"EnabledStatus","value":"true","type":"xboolean"}]},{"key":"dataCellComparisonMode","value":"STRICT","type":"xstring"},{"key":"outputUnmatchedRowsToSeparatePorts_Internals","type":"config","settings":[{"key":"SettingsModelID","value":"SMID_boolean","type":"xstring"},{"key":"EnabledStatus","value":"true","type":"xboolean"}]},{"key":"outputUnmatchedRowsToSeparatePorts","value":"true","type":"xboolean"},{"key":"rowKeyFactory_Internals","type":"config","settings":[{"key":"SettingsModelID","value":"SMID_string","type":"xstring"},{"key":"EnabledStatus","value":"true","type":"xboolean"}]},{"key":"rowKeyFactory","value":"CONCATENATE","type":"xstring"},{"key":"rowKeySeparator_Internals","type":"config","settings":[{"key":"SettingsModelID","value":"SMID_string","type":"xstring"},{"key":"EnabledStatus","value":"true","type":"xboolean"}]},{"key":"rowKeySeparator","value":"_","type":"xstring"},{"key":"duplicateHandling_Internals","type":"config","settings":[{"key":"SettingsModelID","value":"SMID_string","type":"xstring"},{"key":"EnabledStatus","value":"true","type":"xboolean"}]},{"key":"duplicateHandling","value":"APPEND_SUFFIX","type":"xstring"},{"key":"suffix_Internals","type":"config","settings":[{"key":"SettingsModelID","value":"SMID_string","type":"xstring"},{"key":"EnabledStatus","value":"true","type":"xboolean"}]},{"key":"suffix","value":" (right)","type":"xstring"},{"key":"outputRowOrder_Internals","type":"config","settings":[{"key":"SettingsModelID","value":"SMID_string","type":"xstring"},{"key":"EnabledStatus","value":"true","type":"xboolean"}]},{"key":"outputRowOrder","value":"ARBITRARY","type":"xstring"},{"key":"maxOpenFiles_Internals","type":"config","settings":[{"key":"SettingsModelID","value":"SMID_integer","type":"xstring"},{"key":"EnabledStatus","value":"true","type":"xboolean"}]},{"key":"maxOpenFiles","value":"200","type":"xint"},{"key":"enableHiliting_Internals","type":"config","settings":[{"key":"SettingsModelID","value":"SMID_boolean","type":"xstring"},{"key":"EnabledStatus","value":"true","type":"xboolean"}]},{"key":"enableHiliting","value":"false","type":"xboolean"},{"key":"leftColumnSelectionConfig","type":"config","settings":[{"key":"filter-type","value":"STANDARD","type":"xstring"},{"key":"included_names","type":"config","settings":[{"key":"array-size","value":"6","type":"xint"},{"key":"0","value":"FS","type":"xstring"},{"key":"1","value":"PCA dimension 0","type":"xstring"},{"key":"2","value":"PCA dimension 1","type":"xstring"},{"key":"3","value":"PCA dimension 2","type":"xstring"},{"key":"4","value":"PCA dimension 3","type":"xstring"},{"key":"5","value":"PCA dimension 4","type":"xstring"}]},{"key":"excluded_names","type":"config","settings":[{"key":"array-size","value":"2","type":"xint"},{"key":"0","value":"Prediction (FS)","type":"xstring"},{"key":"1","value":"Prediction (FS inicial)","type":"xstring"}]},{"key":"enforce_option","value":"EnforceExclusion","type":"xstring"},{"key":"name_pattern","type":"config","settings":[{"key":"pattern","value":"","type":"xstring"},{"key":"type","value":"Wildcard","type":"xstring"},{"key":"caseSensitive","value":"true","type":"xboolean"},{"key":"excludeMatching","value":"false","type":"xboolean"}]},{"key":"datatype","type":"config","settings":[{"key":"typelist","type":"config","settings":[{"key":"org.knime.core.data.DoubleValue","value":"false","type":"xboolean"},{"key":"org.knime.core.data.BooleanValue","value":"false","type":"xboolean"},{"key":"org.knime.core.data.IntValue","value":"false","type":"xboolean"},{"key":"org.knime.core.data.LongValue","value":"false","type":"xboolean"},{"key":"org.knime.core.data.StringValue","value":"false","type":"xboolean"},{"key":"org.knime.core.data.date.DateAndTimeValue","value":"false","type":"xboolean"}]}]}]},{"key":"rightColumnSelectionConfig","type":"config","settings":[{"key":"filter-type","value":"STANDARD","type":"xstring"},{"key":"included_names","type":"config","settings":[{"key":"array-size","value":"1","type":"xint"},{"key":"0","value":"FS","type":"xstring"}]},{"key":"excluded_names","type":"config","settings":[{"key":"array-size","value":"0","type":"xint"}]},{"key":"enforce_option","value":"EnforceExclusion","type":"xstring"},{"key":"name_pattern","type":"config","settings":[{"key":"pattern","value":"","type":"xstring"},{"key":"type","value":"Wildcard","type":"xstring"},{"key":"caseSensitive","value":"true","type":"xboolean"},{"key":"excludeMatching","value":"false","type":"xboolean"}]},{"key":"datatype","type":"config","settings":[{"key":"typelist","type":"config","settings":[{"key":"org.knime.core.data.DoubleValue","value":"false","type":"xboolean"},{"key":"org.knime.core.data.BooleanValue","value":"false","type":"xboolean"},{"key":"org.knime.core.data.IntValue","value":"false","type":"xboolean"},{"key":"org.knime.core.data.LongValue","value":"false","type":"xboolean"},{"key":"org.knime.core.data.StringValue","value":"false","type":"xboolean"},{"key":"org.knime.core.data.date.DateAndTimeValue","value":"false","type":"xboolean"}]}]}]}],"outputs":[{"index":0,"type":"flowvariable port"},{"index":1,"type":"table","tableSpec":{"columns":[{"name":"FS","type":"Number (double)","index":0,"columnDomain":{"lowerBound":"0.12218381","upperBound":"5.6632962"},"columnProperties":[]},{"name":"PCA dimension 0","type":"Number (double)","index":1,"columnDomain":{"lowerBound":"-48.62355395117992","upperBound":"53.18409932642535"},"columnProperties":[]},{"name":"PCA dimension 1","type":"Number (double)","index":2,"columnDomain":{"lowerBound":"-40.38196951111716","upperBound":"18.263075112241772"},"columnProperties":[]},{"name":"PCA dimension 2","type":"Number (double)","index":3,"columnDomain":{"lowerBound":"-18.34413664547621","upperBound":"18.89639214379529"},"columnProperties":[]},{"name":"PCA dimension 3","type":"Number (double)","index":4,"columnDomain":{"lowerBound":"-23.062009972760745","upperBound":"20.756505988921038"},"columnProperties":[]},{"name":"PCA dimension 4","type":"Number (double)","index":5,"columnDomain":{"lowerBound":"-11.313220550695123","upperBound":"8.070793654808412"},"columnProperties":[]},{"name":"FS (right)","type":"Number (double)","index":6,"columnDomain":{"lowerBound":"0.4697995403816939","upperBound":"5.091211045307212"},"columnProperties":[]}]},"successors":[{"id":"741","portIndex":1}]},{"index":2,"type":"table","tableSpec":{"columns":[{"name":"FS","type":"Number (double)","index":0,"columnDomain":{"lowerBound":"0.12218381","upperBound":"5.6632962"},"columnProperties":[]},{"name":"PCA dimension 0","type":"Number (double)","index":1,"columnDomain":{"lowerBound":"-48.62355395117992","upperBound":"53.18409932642535"},"columnProperties":[]},{"name":"PCA dimension 1","type":"Number (double)","index":2,"columnDomain":{"lowerBound":"-40.38196951111716","upperBound":"18.263075112241772"},"columnProperties":[]},{"name":"PCA dimension 2","type":"Number (double)","index":3,"columnDomain":{"lowerBound":"-18.34413664547621","upperBound":"18.89639214379529"},"columnProperties":[]},{"name":"PCA dimension 3","type":"Number (double)","index":4,"columnDomain":{"lowerBound":"-23.062009972760745","upperBound":"20.756505988921038"},"columnProperties":[]},{"name":"PCA dimension 4","type":"Number (double)","index":5,"columnDomain":{"lowerBound":"-11.313220550695123","upperBound":"8.070793654808412"},"columnProperties":[]}]}},{"index":3,"type":"table","tableSpec":{"columns":[{"name":"FS","type":"Number (double)","index":0,"columnDomain":{"lowerBound":"0.4697995403816939","upperBound":"5.091211045307212"},"columnProperties":[]}]}}]},{"id":"741","name":"Numeric Scorer","type":"Other","state":"EXECUTED","graphDepth":10,"annotation":"Estadígrafos","factoryKey":{"className":"org.knime.base.node.mine.scorer.numeric2.NumericScorer2NodeFactory"},"settings":[{"key":"reference_Internals","type":"config","settings":[{"key":"SettingsModelID","value":"SMID_string","type":"xstring"},{"key":"EnabledStatus","value":"true","type":"xboolean"}]},{"key":"reference","type":"config","settings":[{"key":"useRowID","value":"false","type":"xboolean"},{"key":"columnName","value":"FS","type":"xstring"}]},{"key":"predicted_Internals","type":"config","settings":[{"key":"SettingsModelID","value":"SMID_string","type":"xstring"},{"key":"EnabledStatus","value":"true","type":"xboolean"}]},{"key":"predicted","type":"config","settings":[{"key":"useRowID","value":"false","type":"xboolean"},{"key":"columnName","value":"FS (right)","type":"xstring"}]},{"key":"override default output name_Internals","type":"config","settings":[{"key":"SettingsModelID","value":"SMID_boolean","type":"xstring"},{"key":"EnabledStatus","value":"true","type":"xboolean"}]},{"key":"override default output name","value":"false","type":"xboolean"},{"key":"output column_Internals","type":"config","settings":[{"key":"SettingsModelID","value":"SMID_string","type":"xstring"},{"key":"EnabledStatus","value":"false","type":"xboolean"}]},{"key":"output column","value":"FS (right)","type":"xstring"},{"key":"name prefix for flowvars_Internals","type":"config","settings":[{"key":"SettingsModelID","value":"SMID_string","type":"xstring"},{"key":"EnabledStatus","value":"false","type":"xboolean"}]},{"key":"name prefix for flowvars","value":"","type":"xstring"},{"key":"generate flow variables_Internals","type":"config","settings":[{"key":"SettingsModelID","value":"SMID_boolean","type":"xstring"},{"key":"EnabledStatus","value":"true","type":"xboolean"}]},{"key":"generate flow variables","value":"false","type":"xboolean"},{"key":"number_of_predictors_Internals","type":"config","settings":[{"key":"SettingsModelID","value":"SMID_integer","type":"xstring"},{"key":"EnabledStatus","value":"true","type":"xboolean"}]},{"key":"number_of_predictors","value":"0","type":"xint"}],"outputs":[{"index":0,"type":"flowvariable port"},{"index":1,"type":"table","tableSpec":{"columns":[{"name":"FS (right)","type":"Number (double)","index":0,"columnDomain":{"lowerBound":"-0.004660188905306777","upperBound":"0.9477601758460042"},"columnProperties":[]}]}}]}],"annotations":[],"name":"Rapid Drawdown ANN and PCA Time in days"}}