{"version":"1.0.0","summaryCreationDateTime":"2024-11-14 18:59:13 -0800","workflow":{"nodes":[{"id":"160","name":"Excel Reader","type":"Source","state":"EXECUTED","graphDepth":0,"annotation":"Rapid Drawdown\r\n Time in Days","factoryKey":{"className":"org.knime.ext.poi3.node.io.filehandling.excel.reader.ExcelTableReaderNodeFactory"},"settings":[{"key":"settings","type":"config","settings":[{"key":"sheet_selection","value":"FIRST","type":"xstring"},{"key":"sheet_name","value":"Sheet1","type":"xstring"},{"key":"sheet_index","value":"0","type":"xint"},{"key":"table_contains_column_names","value":"true","type":"xboolean"},{"key":"column_names_row_number","value":"1","type":"xlong"},{"key":"row_id","value":"GENERATE","type":"xstring"},{"key":"row_id_column","value":"A","type":"xstring"},{"key":"sheet_area","value":"ENTIRE","type":"xstring"},{"key":"read_from_column","value":"A","type":"xstring"},{"key":"read_to_column","value":"","type":"xstring"},{"key":"read_from_row","value":"1","type":"xstring"},{"key":"read_to_row","value":"","type":"xstring"},{"key":"empty_col_header_prefix","value":"empty_","type":"xstring"},{"key":"column_name_mode","value":"EXCEL_COL_NAME","type":"xstring"},{"key":"file_selection_Internals","type":"config","settings":[{"key":"SettingsModelID","value":"SMID_ReaderFileChooser","type":"xstring"},{"key":"EnabledStatus","value":"true","type":"xboolean"}]},{"key":"file_selection","type":"config","settings":[{"key":"file_system_chooser__Internals","type":"config","settings":[{"key":"has_fs_port","value":"false","type":"xboolean"},{"key":"overwritten_by_variable","value":"false","type":"xboolean"},{"key":"convenience_fs_category","value":"LOCAL","type":"xstring"},{"key":"relative_to","value":"knime.workflow.data","type":"xstring"},{"key":"mountpoint","value":"LOCAL","type":"xstring"},{"key":"spaceId","value":"","type":"xstring"},{"key":"spaceName","value":"","type":"xstring"},{"key":"custom_url_timeout","value":"1000","type":"xint"},{"key":"connected_fs","value":"true","type":"xboolean"}]},{"key":"path","type":"config","settings":[{"key":"location_present","value":"true","type":"xboolean"},{"key":"file_system_type","value":"LOCAL","type":"xstring"},{"key":"path","value":"C:\\Users\\Janet\\Desktop\\GeoStudio\\CAPITULO 3\\DESEMBALSE OKOK\\Con el tiempo como variable\\Datos nuevos para poner el tiempo como variable (días ajustados).xlsx","type":"xstring"}]},{"key":"filter_mode_Internals","type":"config","settings":[{"key":"SettingsModelID","value":"SMID_FilterMode","type":"xstring"},{"key":"EnabledStatus","value":"true","type":"xboolean"}]},{"key":"filter_mode","type":"config","settings":[{"key":"filter_mode","value":"FILE","type":"xstring"},{"key":"include_subfolders","value":"false","type":"xboolean"},{"key":"filter_options","type":"config","settings":[{"key":"filter_files_extension","value":"false","type":"xboolean"},{"key":"files_extension_expression","value":"","type":"xstring"},{"key":"files_extension_case_sensitive","value":"false","type":"xboolean"},{"key":"filter_files_name","value":"false","type":"xboolean"},{"key":"files_name_expression","value":"*","type":"xstring"},{"key":"files_name_case_sensitive","value":"false","type":"xboolean"},{"key":"files_name_filter_type","value":"WILDCARD","type":"xstring"},{"key":"include_hidden_files","value":"false","type":"xboolean"},{"key":"include_special_files","value":"true","type":"xboolean"},{"key":"filter_folders_name","value":"false","type":"xboolean"},{"key":"folders_name_expression","value":"*","type":"xstring"},{"key":"folders_name_case_sensitive","value":"false","type":"xboolean"},{"key":"folders_name_filter_type","value":"WILDCARD","type":"xstring"},{"key":"include_hidden_folders","value":"false","type":"xboolean"},{"key":"follow_links","value":"true","type":"xboolean"}]}]}]}]},{"key":"advanced_settings","type":"config","settings":[{"key":"fail_on_differing_specs","value":"true","type":"xboolean"},{"key":"append_path_column_Internals","value":"false","type":"xboolean"},{"key":"path_column_name_Internals","value":"Path","type":"xstring"},{"key":"skip_empty_cols","value":"false","type":"xboolean"},{"key":"skip_empty_rows","value":"true","type":"xboolean"},{"key":"limit_data_rows_scanned","value":"true","type":"xboolean"},{"key":"max_data_rows_scanned","value":"10000","type":"xlong"},{"key":"save_table_spec_config_Internals","value":"true","type":"xboolean"},{"key":"use_15_digits_precision","value":"true","type":"xboolean"},{"key":"skip_hidden_columns","value":"true","type":"xboolean"},{"key":"skip_hidden_rows","value":"true","type":"xboolean"},{"key":"replace_empty_strings_with_missings","value":"true","type":"xboolean"},{"key":"reevaluate_formulas","value":"false","type":"xboolean"},{"key":"formula_error_handling","value":"PATTERN","type":"xstring"},{"key":"formula_error_pattern","value":"#XL_EVAL_ERROR#","type":"xstring"}]},{"key":"encryption","type":"config","settings":[{"key":"password_Internals","type":"config","settings":[{"key":"SettingsModelID","value":"SMID_authentication","type":"xstring"},{"key":"EnabledStatus","value":"true","type":"xboolean"}]},{"key":"password","type":"config","settings":[{"key":"credentials","type":"xstring"},{"key":"username","value":"","type":"xstring"},{"key":"selectedType","value":"NONE","type":"xstring"}]}]}],"outputs":[{"index":0,"type":"flowvariable port"},{"index":1,"type":"table","tableSpec":{"columns":[{"name":"Altura de terraplén","type":"Number (integer)","index":0,"columnDomain":{"lowerBound":"15","upperBound":"40"},"columnProperties":[]},{"name":"Ancho de corona","type":"Number (integer)","index":1,"columnDomain":{"lowerBound":"4","upperBound":"6"},"columnProperties":[]},{"name":"Peso específico","type":"Number (double)","index":2,"columnDomain":{"lowerBound":"16.5823","upperBound":"19.3898"},"columnProperties":[]},{"name":"Cohesión","type":"Number (double)","index":3,"columnDomain":{"lowerBound":"13.8418","upperBound":"67.4528"},"columnProperties":[]},{"name":"Ángulo de fricción interna","type":"Number (double)","index":4,"columnDomain":{"lowerBound":"12.5548","upperBound":"29.4595"},"columnProperties":[]},{"name":"Pemeabilidad saturada","type":"Number (double)","index":5,"columnDomain":{"lowerBound":"4.28574E-8","upperBound":"7.74547E-6"},"columnProperties":[]},{"name":"Contenido volumétrico de agua","type":"Number (double)","index":6,"columnDomain":{"lowerBound":"0.378381604073838","upperBound":"0.553114568018197"},"columnProperties":[]},{"name":"Índice de compresibilidad volumétrica","type":"Number (double)","index":7,"columnDomain":{"lowerBound":"3.99675463523619E-5","upperBound":"1.89886998247343E-4"},"columnProperties":[]},{"name":"Diámetro efectivo para el 60%","type":"Number (double)","index":8,"columnDomain":{"lowerBound":"0.0075","upperBound":"0.25"},"columnProperties":[]},{"name":"Diámetro efectivo para el 10%","type":"Number (double)","index":9,"columnDomain":{"lowerBound":"0.0025","upperBound":"0.027"},"columnProperties":[]},{"name":"Límite líquido","type":"Number (double)","index":10,"columnDomain":{"lowerBound":"33.2495","upperBound":"72.0452"},"columnProperties":[]},{"name":"Velocidad","type":"Number (double)","index":11,"columnDomain":{"lowerBound":"0.1","upperBound":"0.3"},"columnProperties":[]},{"name":"Tiempo","type":"Number (integer)","index":12,"columnDomain":{"lowerBound":"0","upperBound":"350"},"columnProperties":[]},{"name":"FS","type":"Number (double)","index":13,"columnDomain":{"lowerBound":"0.11169939","upperBound":"5.6632962"},"columnProperties":[]}]},"successors":[{"id":"156","portIndex":1}]}]},{"id":"156","name":"Numeric Binner (PMML)","type":"Manipulator","state":"EXECUTED","graphDepth":1,"factoryKey":{"className":"org.knime.base.node.preproc.pmml.binner.BinnerNodeFactory2"},"settings":[{"key":"FS","type":"config","settings":[{"key":"Bin_0","type":"config","settings":[{"key":"bin_name","value":"Bin","type":"xstring"},{"key":"left_open","value":"true","type":"xboolean"},{"key":"left_value","value":"-Infinity","type":"xdouble"},{"key":"right_open","value":"true","type":"xboolean"},{"key":"right_value","value":"0.0","type":"xdouble"}]},{"key":"Fallo_1","type":"config","settings":[{"key":"bin_name","value":"Fallo","type":"xstring"},{"key":"left_open","value":"false","type":"xboolean"},{"key":"left_value","value":"0.0","type":"xdouble"},{"key":"right_open","value":"true","type":"xboolean"},{"key":"right_value","value":"1.05","type":"xdouble"}]},{"key":"Estable_2","type":"config","settings":[{"key":"bin_name","value":"Estable","type":"xstring"},{"key":"left_open","value":"false","type":"xboolean"},{"key":"left_value","value":"1.05","type":"xdouble"},{"key":"right_open","value":"true","type":"xboolean"},{"key":"right_value","value":"Infinity","type":"xdouble"}]}]},{"key":"FS_is_appended","type":"xstring"},{"key":"binned_columns","type":"config","settings":[{"key":"array-size","value":"1","type":"xint"},{"key":"0","value":"FS","type":"xstring"}]}],"outputs":[{"index":0,"type":"flowvariable port"},{"index":1,"type":"table","tableSpec":{"columns":[{"name":"Altura de terraplén","type":"Number (integer)","index":0,"columnDomain":{"lowerBound":"15","upperBound":"40"},"columnProperties":[]},{"name":"Ancho de corona","type":"Number (integer)","index":1,"columnDomain":{"lowerBound":"4","upperBound":"6"},"columnProperties":[]},{"name":"Peso específico","type":"Number (double)","index":2,"columnDomain":{"lowerBound":"16.5823","upperBound":"19.3898"},"columnProperties":[]},{"name":"Cohesión","type":"Number (double)","index":3,"columnDomain":{"lowerBound":"13.8418","upperBound":"67.4528"},"columnProperties":[]},{"name":"Ángulo de fricción interna","type":"Number (double)","index":4,"columnDomain":{"lowerBound":"12.5548","upperBound":"29.4595"},"columnProperties":[]},{"name":"Pemeabilidad saturada","type":"Number (double)","index":5,"columnDomain":{"lowerBound":"4.28574E-8","upperBound":"7.74547E-6"},"columnProperties":[]},{"name":"Contenido volumétrico de agua","type":"Number (double)","index":6,"columnDomain":{"lowerBound":"0.378381604073838","upperBound":"0.553114568018197"},"columnProperties":[]},{"name":"Índice de compresibilidad volumétrica","type":"Number (double)","index":7,"columnDomain":{"lowerBound":"3.99675463523619E-5","upperBound":"1.89886998247343E-4"},"columnProperties":[]},{"name":"Diámetro efectivo para el 60%","type":"Number (double)","index":8,"columnDomain":{"lowerBound":"0.0075","upperBound":"0.25"},"columnProperties":[]},{"name":"Diámetro efectivo para el 10%","type":"Number (double)","index":9,"columnDomain":{"lowerBound":"0.0025","upperBound":"0.027"},"columnProperties":[]},{"name":"Límite líquido","type":"Number (double)","index":10,"columnDomain":{"lowerBound":"33.2495","upperBound":"72.0452"},"columnProperties":[]},{"name":"Velocidad","type":"Number (double)","index":11,"columnDomain":{"lowerBound":"0.1","upperBound":"0.3"},"columnProperties":[]},{"name":"Tiempo","type":"Number (integer)","index":12,"columnDomain":{"lowerBound":"0","upperBound":"350"},"columnProperties":[]},{"name":"FS","type":"String","index":13,"columnDomain":{"values":["Bin","Fallo","Estable"]},"columnProperties":[]}]},"successors":[{"id":"155","portIndex":1},{"id":"164","portIndex":1}]},{"index":2,"type":"PortType(PMMLPortObjectSpec,PMMLPortObject)"}]},{"id":"155","name":"Partitioning","type":"Manipulator","state":"EXECUTED","graphDepth":2,"factoryKey":{"className":"org.knime.base.node.preproc.partition.PartitionNodeFactory"},"settings":[{"key":"method","value":"Relative","type":"xstring"},{"key":"samplingMethod","value":"Random","type":"xstring"},{"key":"fraction","value":"0.7","type":"xdouble"},{"key":"count","value":"100","type":"xint"},{"key":"random_seed","type":"xstring"},{"key":"class_column","value":"FS","type":"xstring"}],"outputs":[{"index":0,"type":"flowvariable port"},{"index":1,"type":"table","tableSpec":{"columns":[{"name":"Altura de terraplén","type":"Number (integer)","index":0,"columnDomain":{"lowerBound":"15","upperBound":"40"},"columnProperties":[]},{"name":"Ancho de corona","type":"Number (integer)","index":1,"columnDomain":{"lowerBound":"4","upperBound":"6"},"columnProperties":[]},{"name":"Peso específico","type":"Number (double)","index":2,"columnDomain":{"lowerBound":"16.5823","upperBound":"19.3898"},"columnProperties":[]},{"name":"Cohesión","type":"Number (double)","index":3,"columnDomain":{"lowerBound":"13.8418","upperBound":"67.4528"},"columnProperties":[]},{"name":"Ángulo de fricción interna","type":"Number (double)","index":4,"columnDomain":{"lowerBound":"12.5548","upperBound":"29.4595"},"columnProperties":[]},{"name":"Pemeabilidad saturada","type":"Number (double)","index":5,"columnDomain":{"lowerBound":"4.28574E-8","upperBound":"7.74547E-6"},"columnProperties":[]},{"name":"Contenido volumétrico de agua","type":"Number (double)","index":6,"columnDomain":{"lowerBound":"0.378381604073838","upperBound":"0.553114568018197"},"columnProperties":[]},{"name":"Índice de compresibilidad volumétrica","type":"Number (double)","index":7,"columnDomain":{"lowerBound":"3.99675463523619E-5","upperBound":"1.89886998247343E-4"},"columnProperties":[]},{"name":"Diámetro efectivo para el 60%","type":"Number (double)","index":8,"columnDomain":{"lowerBound":"0.0075","upperBound":"0.25"},"columnProperties":[]},{"name":"Diámetro efectivo para el 10%","type":"Number (double)","index":9,"columnDomain":{"lowerBound":"0.0025","upperBound":"0.027"},"columnProperties":[]},{"name":"Límite líquido","type":"Number (double)","index":10,"columnDomain":{"lowerBound":"33.2495","upperBound":"72.0452"},"columnProperties":[]},{"name":"Velocidad","type":"Number (double)","index":11,"columnDomain":{"lowerBound":"0.1","upperBound":"0.3"},"columnProperties":[]},{"name":"Tiempo","type":"Number (integer)","index":12,"columnDomain":{"lowerBound":"0","upperBound":"350"},"columnProperties":[]},{"name":"FS","type":"String","index":13,"columnDomain":{"values":["Bin","Fallo","Estable"]},"columnProperties":[]}]},"successors":[{"id":"158","portIndex":1}]},{"index":2,"type":"table","tableSpec":{"columns":[{"name":"Altura de terraplén","type":"Number (integer)","index":0,"columnDomain":{"lowerBound":"15","upperBound":"40"},"columnProperties":[]},{"name":"Ancho de corona","type":"Number (integer)","index":1,"columnDomain":{"lowerBound":"4","upperBound":"6"},"columnProperties":[]},{"name":"Peso específico","type":"Number (double)","index":2,"columnDomain":{"lowerBound":"16.5823","upperBound":"19.3898"},"columnProperties":[]},{"name":"Cohesión","type":"Number (double)","index":3,"columnDomain":{"lowerBound":"13.8418","upperBound":"67.4528"},"columnProperties":[]},{"name":"Ángulo de fricción interna","type":"Number (double)","index":4,"columnDomain":{"lowerBound":"12.5548","upperBound":"29.4595"},"columnProperties":[]},{"name":"Pemeabilidad saturada","type":"Number (double)","index":5,"columnDomain":{"lowerBound":"4.28574E-8","upperBound":"7.74547E-6"},"columnProperties":[]},{"name":"Contenido volumétrico de agua","type":"Number (double)","index":6,"columnDomain":{"lowerBound":"0.378381604073838","upperBound":"0.553114568018197"},"columnProperties":[]},{"name":"Índice de compresibilidad volumétrica","type":"Number (double)","index":7,"columnDomain":{"lowerBound":"3.99675463523619E-5","upperBound":"1.89886998247343E-4"},"columnProperties":[]},{"name":"Diámetro efectivo para el 60%","type":"Number (double)","index":8,"columnDomain":{"lowerBound":"0.0075","upperBound":"0.25"},"columnProperties":[]},{"name":"Diámetro efectivo para el 10%","type":"Number (double)","index":9,"columnDomain":{"lowerBound":"0.0025","upperBound":"0.027"},"columnProperties":[]},{"name":"Límite líquido","type":"Number (double)","index":10,"columnDomain":{"lowerBound":"33.2495","upperBound":"72.0452"},"columnProperties":[]},{"name":"Velocidad","type":"Number (double)","index":11,"columnDomain":{"lowerBound":"0.1","upperBound":"0.3"},"columnProperties":[]},{"name":"Tiempo","type":"Number (integer)","index":12,"columnDomain":{"lowerBound":"0","upperBound":"350"},"columnProperties":[]},{"name":"FS","type":"String","index":13,"columnDomain":{"values":["Bin","Fallo","Estable"]},"columnProperties":[]}]},"successors":[{"id":"167","portIndex":2}]}]},{"id":"164","name":"Column Filter","type":"Manipulator","state":"EXECUTED","graphDepth":2,"factoryKey":{"className":"org.knime.base.node.preproc.filter.column.DataColumnSpecFilterNodeFactory"},"settings":[{"key":"column-filter","type":"config","settings":[{"key":"filter-type","value":"STANDARD","type":"xstring"},{"key":"included_names","type":"config","settings":[{"key":"array-size","value":"7","type":"xint"},{"key":"0","value":"Altura de terraplén","type":"xstring"},{"key":"1","value":"Peso específico","type":"xstring"},{"key":"2","value":"Cohesión","type":"xstring"},{"key":"3","value":"Ángulo de fricción interna","type":"xstring"},{"key":"4","value":"Velocidad","type":"xstring"},{"key":"5","value":"Tiempo","type":"xstring"},{"key":"6","value":"FS","type":"xstring"}]},{"key":"excluded_names","type":"config","settings":[{"key":"array-size","value":"8","type":"xint"},{"key":"0","value":"Ancho de corona","type":"xstring"},{"key":"1","value":"Pemeabilidad saturada","type":"xstring"},{"key":"2","value":"Contenido volumétrico de agua","type":"xstring"},{"key":"3","value":"Índice de compresibilidad volumétrica","type":"xstring"},{"key":"4","value":"Diámetro efectivo para el 60%","type":"xstring"},{"key":"5","value":"Diámetro efectivo para el 10%","type":"xstring"},{"key":"6","value":"Límite líquido","type":"xstring"},{"key":"7","value":"Contenido Volumétrico de Agua","type":"xstring"}]},{"key":"enforce_option","value":"EnforceExclusion","type":"xstring"},{"key":"name_pattern","type":"config","settings":[{"key":"pattern","value":"","type":"xstring"},{"key":"type","value":"Wildcard","type":"xstring"},{"key":"caseSensitive","value":"true","type":"xboolean"},{"key":"excludeMatching","value":"false","type":"xboolean"}]},{"key":"datatype","type":"config","settings":[{"key":"typelist","type":"config","settings":[{"key":"org.knime.core.data.IntValue","value":"false","type":"xboolean"},{"key":"org.knime.core.data.DoubleValue","value":"false","type":"xboolean"},{"key":"org.knime.core.data.StringValue","value":"false","type":"xboolean"},{"key":"org.knime.core.data.BooleanValue","value":"false","type":"xboolean"},{"key":"org.knime.core.data.LongValue","value":"false","type":"xboolean"},{"key":"org.knime.core.data.date.DateAndTimeValue","value":"false","type":"xboolean"}]}]}]}],"outputs":[{"index":0,"type":"flowvariable port"},{"index":1,"type":"table","tableSpec":{"columns":[{"name":"Altura de terraplén","type":"Number (integer)","index":0,"columnDomain":{"lowerBound":"15","upperBound":"40"},"columnProperties":[]},{"name":"Peso específico","type":"Number (double)","index":1,"columnDomain":{"lowerBound":"16.5823","upperBound":"19.3898"},"columnProperties":[]},{"name":"Cohesión","type":"Number (double)","index":2,"columnDomain":{"lowerBound":"13.8418","upperBound":"67.4528"},"columnProperties":[]},{"name":"Ángulo de fricción interna","type":"Number (double)","index":3,"columnDomain":{"lowerBound":"12.5548","upperBound":"29.4595"},"columnProperties":[]},{"name":"Velocidad","type":"Number (double)","index":4,"columnDomain":{"lowerBound":"0.1","upperBound":"0.3"},"columnProperties":[]},{"name":"Tiempo","type":"Number (integer)","index":5,"columnDomain":{"lowerBound":"0","upperBound":"350"},"columnProperties":[]},{"name":"FS","type":"String","index":6,"columnDomain":{"values":["Bin","Fallo","Estable"]},"columnProperties":[]}]},"successors":[{"id":"166","portIndex":1}]}]},{"id":"158","name":"Decision Tree Learner","type":"Learner","state":"EXECUTED","graphDepth":3,"factoryKey":{"className":"org.knime.base.node.mine.decisiontree2.learner2.DecisionTreeLearnerNodeFactory3"},"settings":[{"key":"classifyColumn_Internals","type":"config","settings":[{"key":"SettingsModelID","value":"SMID_string","type":"xstring"},{"key":"EnabledStatus","value":"true","type":"xboolean"}]},{"key":"classifyColumn","value":"FS","type":"xstring"},{"key":"numverRecordsToView_Internals","type":"config","settings":[{"key":"SettingsModelID","value":"SMID_integer","type":"xstring"},{"key":"EnabledStatus","value":"true","type":"xboolean"}]},{"key":"numverRecordsToView","value":"10000","type":"xint"},{"key":"minNumberRecordsPerNode_Internals","type":"config","settings":[{"key":"SettingsModelID","value":"SMID_integer","type":"xstring"},{"key":"EnabledStatus","value":"true","type":"xboolean"}]},{"key":"minNumberRecordsPerNode","value":"200","type":"xint"},{"key":"pruningMethod_Internals","type":"config","settings":[{"key":"SettingsModelID","value":"SMID_string","type":"xstring"},{"key":"EnabledStatus","value":"true","type":"xboolean"}]},{"key":"pruningMethod","value":"MDL","type":"xstring"},{"key":"enableReducedErrorPruning_Internals","type":"config","settings":[{"key":"SettingsModelID","value":"SMID_boolean","type":"xstring"},{"key":"EnabledStatus","value":"true","type":"xboolean"}]},{"key":"enableReducedErrorPruning","value":"true","type":"xboolean"},{"key":"splitQualityMeasure_Internals","type":"config","settings":[{"key":"SettingsModelID","value":"SMID_string","type":"xstring"},{"key":"EnabledStatus","value":"true","type":"xboolean"}]},{"key":"splitQualityMeasure","value":"Gini index","type":"xstring"},{"key":"splitAverage_Internals","type":"config","settings":[{"key":"SettingsModelID","value":"SMID_boolean","type":"xstring"},{"key":"EnabledStatus","value":"true","type":"xboolean"}]},{"key":"splitAverage","value":"true","type":"xboolean"},{"key":"numProcessors_Internals","type":"config","settings":[{"key":"SettingsModelID","value":"SMID_integer","type":"xstring"},{"key":"EnabledStatus","value":"true","type":"xboolean"}]},{"key":"numProcessors","value":"4","type":"xint"},{"key":"maxNumNominalValues_Internals","type":"config","settings":[{"key":"SettingsModelID","value":"SMID_integer","type":"xstring"},{"key":"EnabledStatus","value":"false","type":"xboolean"}]},{"key":"maxNumNominalValues","value":"10","type":"xint"},{"key":"binaryNominalSplit_Internals","type":"config","settings":[{"key":"SettingsModelID","value":"SMID_boolean","type":"xstring"},{"key":"EnabledStatus","value":"true","type":"xboolean"}]},{"key":"binaryNominalSplit","value":"false","type":"xboolean"},{"key":"FilterNominalValuesFromParent_Internals","type":"config","settings":[{"key":"SettingsModelID","value":"SMID_boolean","type":"xstring"},{"key":"EnabledStatus","value":"false","type":"xboolean"}]},{"key":"FilterNominalValuesFromParent","value":"false","type":"xboolean"},{"key":"skipColumnsWithoutDomain_Internals","type":"config","settings":[{"key":"SettingsModelID","value":"SMID_boolean","type":"xstring"},{"key":"EnabledStatus","value":"true","type":"xboolean"}]},{"key":"skipColumnsWithoutDomain","value":"true","type":"xboolean"},{"key":"CFG_NOTRUECHILD_Internals","type":"config","settings":[{"key":"SettingsModelID","value":"SMID_string","type":"xstring"},{"key":"EnabledStatus","value":"true","type":"xboolean"}]},{"key":"CFG_NOTRUECHILD","value":"returnNullPrediction","type":"xstring"},{"key":"CFG_MISSINGSTRATEGY_Internals","type":"config","settings":[{"key":"SettingsModelID","value":"SMID_string","type":"xstring"},{"key":"EnabledStatus","value":"true","type":"xboolean"}]},{"key":"CFG_MISSINGSTRATEGY","value":"lastPrediction","type":"xstring"},{"key":"useFirstSplitColumn_Internals","type":"config","settings":[{"key":"SettingsModelID","value":"SMID_boolean","type":"xstring"},{"key":"EnabledStatus","value":"true","type":"xboolean"}]},{"key":"useFirstSplitColumn","value":"false","type":"xboolean"},{"key":"firstSplitColumn_Internals","type":"config","settings":[{"key":"SettingsModelID","value":"SMID_string","type":"xstring"},{"key":"EnabledStatus","value":"false","type":"xboolean"}]},{"key":"firstSplitColumn","value":"Cohesión","type":"xstring"}],"outputs":[{"index":0,"type":"flowvariable port"},{"index":1,"type":"PortType(PMMLPortObjectSpec,PMMLPortObject)","successors":[{"id":"161","portIndex":1},{"id":"167","portIndex":1}]}]},{"id":"166","name":"Partitioning","type":"Manipulator","state":"EXECUTED","graphDepth":3,"factoryKey":{"className":"org.knime.base.node.preproc.partition.PartitionNodeFactory"},"settings":[{"key":"method","value":"Relative","type":"xstring"},{"key":"samplingMethod","value":"Random","type":"xstring"},{"key":"fraction","value":"0.7","type":"xdouble"},{"key":"count","value":"100","type":"xint"},{"key":"random_seed","type":"xstring"},{"key":"class_column","value":"FS","type":"xstring"}],"outputs":[{"index":0,"type":"flowvariable port"},{"index":1,"type":"table","tableSpec":{"columns":[{"name":"Altura de terraplén","type":"Number (integer)","index":0,"columnDomain":{"lowerBound":"15","upperBound":"40"},"columnProperties":[]},{"name":"Peso específico","type":"Number (double)","index":1,"columnDomain":{"lowerBound":"16.5823","upperBound":"19.3898"},"columnProperties":[]},{"name":"Cohesión","type":"Number (double)","index":2,"columnDomain":{"lowerBound":"13.8418","upperBound":"67.4528"},"columnProperties":[]},{"name":"Ángulo de fricción interna","type":"Number (double)","index":3,"columnDomain":{"lowerBound":"12.5548","upperBound":"29.4595"},"columnProperties":[]},{"name":"Velocidad","type":"Number (double)","index":4,"columnDomain":{"lowerBound":"0.1","upperBound":"0.3"},"columnProperties":[]},{"name":"Tiempo","type":"Number (integer)","index":5,"columnDomain":{"lowerBound":"0","upperBound":"350"},"columnProperties":[]},{"name":"FS","type":"String","index":6,"columnDomain":{"values":["Bin","Fallo","Estable"]},"columnProperties":[]}]},"successors":[{"id":"157","portIndex":1}]},{"index":2,"type":"table","tableSpec":{"columns":[{"name":"Altura de terraplén","type":"Number (integer)","index":0,"columnDomain":{"lowerBound":"15","upperBound":"40"},"columnProperties":[]},{"name":"Peso específico","type":"Number (double)","index":1,"columnDomain":{"lowerBound":"16.5823","upperBound":"19.3898"},"columnProperties":[]},{"name":"Cohesión","type":"Number (double)","index":2,"columnDomain":{"lowerBound":"13.8418","upperBound":"67.4528"},"columnProperties":[]},{"name":"Ángulo de fricción interna","type":"Number (double)","index":3,"columnDomain":{"lowerBound":"12.5548","upperBound":"29.4595"},"columnProperties":[]},{"name":"Velocidad","type":"Number (double)","index":4,"columnDomain":{"lowerBound":"0.1","upperBound":"0.3"},"columnProperties":[]},{"name":"Tiempo","type":"Number (integer)","index":5,"columnDomain":{"lowerBound":"0","upperBound":"350"},"columnProperties":[]},{"name":"FS","type":"String","index":6,"columnDomain":{"values":["Bin","Fallo","Estable"]},"columnProperties":[]}]},"successors":[{"id":"163","portIndex":2}]}]},{"id":"157","name":"Decision Tree Learner","type":"Learner","state":"EXECUTED","graphDepth":4,"factoryKey":{"className":"org.knime.base.node.mine.decisiontree2.learner2.DecisionTreeLearnerNodeFactory3"},"settings":[{"key":"classifyColumn_Internals","type":"config","settings":[{"key":"SettingsModelID","value":"SMID_string","type":"xstring"},{"key":"EnabledStatus","value":"true","type":"xboolean"}]},{"key":"classifyColumn","value":"FS","type":"xstring"},{"key":"numverRecordsToView_Internals","type":"config","settings":[{"key":"SettingsModelID","value":"SMID_integer","type":"xstring"},{"key":"EnabledStatus","value":"true","type":"xboolean"}]},{"key":"numverRecordsToView","value":"10000","type":"xint"},{"key":"minNumberRecordsPerNode_Internals","type":"config","settings":[{"key":"SettingsModelID","value":"SMID_integer","type":"xstring"},{"key":"EnabledStatus","value":"true","type":"xboolean"}]},{"key":"minNumberRecordsPerNode","value":"200","type":"xint"},{"key":"pruningMethod_Internals","type":"config","settings":[{"key":"SettingsModelID","value":"SMID_string","type":"xstring"},{"key":"EnabledStatus","value":"true","type":"xboolean"}]},{"key":"pruningMethod","value":"MDL","type":"xstring"},{"key":"enableReducedErrorPruning_Internals","type":"config","settings":[{"key":"SettingsModelID","value":"SMID_boolean","type":"xstring"},{"key":"EnabledStatus","value":"true","type":"xboolean"}]},{"key":"enableReducedErrorPruning","value":"true","type":"xboolean"},{"key":"splitQualityMeasure_Internals","type":"config","settings":[{"key":"SettingsModelID","value":"SMID_string","type":"xstring"},{"key":"EnabledStatus","value":"true","type":"xboolean"}]},{"key":"splitQualityMeasure","value":"Gini index","type":"xstring"},{"key":"splitAverage_Internals","type":"config","settings":[{"key":"SettingsModelID","value":"SMID_boolean","type":"xstring"},{"key":"EnabledStatus","value":"true","type":"xboolean"}]},{"key":"splitAverage","value":"true","type":"xboolean"},{"key":"numProcessors_Internals","type":"config","settings":[{"key":"SettingsModelID","value":"SMID_integer","type":"xstring"},{"key":"EnabledStatus","value":"true","type":"xboolean"}]},{"key":"numProcessors","value":"4","type":"xint"},{"key":"maxNumNominalValues_Internals","type":"config","settings":[{"key":"SettingsModelID","value":"SMID_integer","type":"xstring"},{"key":"EnabledStatus","value":"false","type":"xboolean"}]},{"key":"maxNumNominalValues","value":"10","type":"xint"},{"key":"binaryNominalSplit_Internals","type":"config","settings":[{"key":"SettingsModelID","value":"SMID_boolean","type":"xstring"},{"key":"EnabledStatus","value":"true","type":"xboolean"}]},{"key":"binaryNominalSplit","value":"false","type":"xboolean"},{"key":"FilterNominalValuesFromParent_Internals","type":"config","settings":[{"key":"SettingsModelID","value":"SMID_boolean","type":"xstring"},{"key":"EnabledStatus","value":"false","type":"xboolean"}]},{"key":"FilterNominalValuesFromParent","value":"false","type":"xboolean"},{"key":"skipColumnsWithoutDomain_Internals","type":"config","settings":[{"key":"SettingsModelID","value":"SMID_boolean","type":"xstring"},{"key":"EnabledStatus","value":"true","type":"xboolean"}]},{"key":"skipColumnsWithoutDomain","value":"true","type":"xboolean"},{"key":"CFG_NOTRUECHILD_Internals","type":"config","settings":[{"key":"SettingsModelID","value":"SMID_string","type":"xstring"},{"key":"EnabledStatus","value":"true","type":"xboolean"}]},{"key":"CFG_NOTRUECHILD","value":"returnNullPrediction","type":"xstring"},{"key":"CFG_MISSINGSTRATEGY_Internals","type":"config","settings":[{"key":"SettingsModelID","value":"SMID_string","type":"xstring"},{"key":"EnabledStatus","value":"true","type":"xboolean"}]},{"key":"CFG_MISSINGSTRATEGY","value":"lastPrediction","type":"xstring"},{"key":"useFirstSplitColumn_Internals","type":"config","settings":[{"key":"SettingsModelID","value":"SMID_boolean","type":"xstring"},{"key":"EnabledStatus","value":"true","type":"xboolean"}]},{"key":"useFirstSplitColumn","value":"false","type":"xboolean"},{"key":"firstSplitColumn_Internals","type":"config","settings":[{"key":"SettingsModelID","value":"SMID_string","type":"xstring"},{"key":"EnabledStatus","value":"false","type":"xboolean"}]},{"key":"firstSplitColumn","value":"Tiempo","type":"xstring"}],"outputs":[{"index":0,"type":"flowvariable port"},{"index":1,"type":"PortType(PMMLPortObjectSpec,PMMLPortObject)","successors":[{"id":"159","portIndex":1},{"id":"163","portIndex":1}]}]},{"id":"161","name":"Decision Tree View","type":"Visualizer","state":"EXECUTED","graphDepth":4,"factoryKey":{"className":"org.knime.js.base.node.viz.decisiontree.classification.DecisionTreeViewNodeFactory"},"settings":[{"key":"enableViewConfiguration","value":"true","type":"xboolean"},{"key":"generateImage","value":"false","type":"xboolean"},{"key":"hideInWizard","value":"false","type":"xboolean"},{"key":"enableTitleChange","value":"true","type":"xboolean"},{"key":"enableSubtitleChange","value":"true","type":"xboolean"},{"key":"chartTitle","value":"","type":"xstring"},{"key":"chartSubtitle","value":"","type":"xstring"},{"key":"backgroundColor","value":"#FFFFFF","type":"xstring"},{"key":"dataAreaColor","value":"#FFFFFF","type":"xstring"},{"key":"nodeBackgroundColor","value":"#FFFFFF","type":"xstring"},{"key":"nodeStatus","type":"config","settings":[]},{"key":"expandedLevel","value":"10","type":"xint"},{"key":"nodeStatusFromView","value":"false","type":"xboolean"},{"key":"maxRows","value":"10000","type":"xint"},{"key":"enableSelection","value":"false","type":"xboolean"},{"key":"selectionColumnName","value":"Selected (Decision Tree View)","type":"xstring"},{"key":"decimals","value":"1","type":"xstring"},{"key":"mark","value":".","type":"xstring"},{"key":"thousand","type":"xstring"},{"key":"prefix","type":"xstring"},{"key":"postfix","type":"xstring"},{"key":"negative","value":"-","type":"xstring"},{"key":"negativeBefore","type":"xstring"},{"key":"negativeClasses","type":"xstring"},{"key":"encoder","type":"xstring"},{"key":"decoder","type":"xstring"},{"key":"edit","type":"xstring"},{"key":"undo","type":"xstring"},{"key":"publishSelection","value":"true","type":"xboolean"},{"key":"subscribeSelection","value":"true","type":"xboolean"},{"key":"displayFullscreenButton","value":"true","type":"xboolean"},{"key":"enableZooming","value":"true","type":"xboolean"},{"key":"displaySelectionResetButton","value":"true","type":"xboolean"},{"key":"truncationLimit","value":"20","type":"xint"},{"key":"scale","value":"1.0","type":"xdouble"},{"key":"showZoomResetButton","value":"false","type":"xboolean"},{"key":"customCSS","value":"","type":"xstring"}],"outputs":[{"index":0,"type":"flowvariable port"},{"index":1,"type":"PortType(ImagePortObjectSpec,ImagePortObject)","inactive":true},{"index":2,"type":"table","inactive":true}]},{"id":"167","name":"Decision Tree Predictor","type":"Predictor","state":"EXECUTED","graphDepth":4,"factoryKey":{"className":"org.knime.base.node.mine.decisiontree2.predictor2.DecTreePredictorNodeFactory"},"settings":[{"key":"UseGainRatio_Internals","type":"config","settings":[{"key":"SettingsModelID","value":"SMID_integer","type":"xstring"},{"key":"EnabledStatus","value":"true","type":"xboolean"}]},{"key":"UseGainRatio","value":"20000","type":"xint"},{"key":"ShowDistribution_Internals","type":"config","settings":[{"key":"SettingsModelID","value":"SMID_boolean","type":"xstring"},{"key":"EnabledStatus","value":"true","type":"xboolean"}]},{"key":"ShowDistribution","value":"false","type":"xboolean"},{"key":"prediction column name_Internals","type":"config","settings":[{"key":"SettingsModelID","value":"SMID_string","type":"xstring"},{"key":"EnabledStatus","value":"false","type":"xboolean"}]},{"key":"prediction column name","value":"Prediction (FS)","type":"xstring"},{"key":"change prediction_Internals","type":"config","settings":[{"key":"SettingsModelID","value":"SMID_boolean","type":"xstring"},{"key":"EnabledStatus","value":"true","type":"xboolean"}]},{"key":"change prediction","value":"false","type":"xboolean"},{"key":"class probability suffix_Internals","type":"config","settings":[{"key":"SettingsModelID","value":"SMID_string","type":"xstring"},{"key":"EnabledStatus","value":"false","type":"xboolean"}]},{"key":"class probability suffix","value":"","type":"xstring"}],"outputs":[{"index":0,"type":"flowvariable port"},{"index":1,"type":"table","tableSpec":{"columns":[{"name":"Altura de terraplén","type":"Number (integer)","index":0,"columnDomain":{"lowerBound":"15","upperBound":"40"},"columnProperties":[]},{"name":"Ancho de corona","type":"Number (integer)","index":1,"columnDomain":{"lowerBound":"4","upperBound":"6"},"columnProperties":[]},{"name":"Peso específico","type":"Number (double)","index":2,"columnDomain":{"lowerBound":"16.5823","upperBound":"19.3898"},"columnProperties":[]},{"name":"Cohesión","type":"Number (double)","index":3,"columnDomain":{"lowerBound":"13.8418","upperBound":"67.4528"},"columnProperties":[]},{"name":"Ángulo de fricción interna","type":"Number (double)","index":4,"columnDomain":{"lowerBound":"12.5548","upperBound":"29.4595"},"columnProperties":[]},{"name":"Pemeabilidad saturada","type":"Number (double)","index":5,"columnDomain":{"lowerBound":"4.28574E-8","upperBound":"7.74547E-6"},"columnProperties":[]},{"name":"Contenido volumétrico de agua","type":"Number (double)","index":6,"columnDomain":{"lowerBound":"0.378381604073838","upperBound":"0.553114568018197"},"columnProperties":[]},{"name":"Índice de compresibilidad volumétrica","type":"Number (double)","index":7,"columnDomain":{"lowerBound":"3.99675463523619E-5","upperBound":"1.89886998247343E-4"},"columnProperties":[]},{"name":"Diámetro efectivo para el 60%","type":"Number (double)","index":8,"columnDomain":{"lowerBound":"0.0075","upperBound":"0.25"},"columnProperties":[]},{"name":"Diámetro efectivo para el 10%","type":"Number (double)","index":9,"columnDomain":{"lowerBound":"0.0025","upperBound":"0.027"},"columnProperties":[]},{"name":"Límite líquido","type":"Number (double)","index":10,"columnDomain":{"lowerBound":"33.2495","upperBound":"72.0452"},"columnProperties":[]},{"name":"Velocidad","type":"Number (double)","index":11,"columnDomain":{"lowerBound":"0.1","upperBound":"0.3"},"columnProperties":[]},{"name":"Tiempo","type":"Number (integer)","index":12,"columnDomain":{"lowerBound":"0","upperBound":"350"},"columnProperties":[]},{"name":"FS","type":"String","index":13,"columnDomain":{"values":["Bin","Fallo","Estable"]},"columnProperties":[]},{"name":"Prediction (FS)","type":"String","index":14,"columnDomain":{"values":["Estable","Fallo"]},"columnProperties":[]}]},"successors":[{"id":"165","portIndex":1}]}]},{"id":"159","name":"Decision Tree View","type":"Visualizer","state":"EXECUTED","graphDepth":5,"factoryKey":{"className":"org.knime.js.base.node.viz.decisiontree.classification.DecisionTreeViewNodeFactory"},"settings":[{"key":"enableViewConfiguration","value":"true","type":"xboolean"},{"key":"generateImage","value":"false","type":"xboolean"},{"key":"hideInWizard","value":"false","type":"xboolean"},{"key":"enableTitleChange","value":"true","type":"xboolean"},{"key":"enableSubtitleChange","value":"true","type":"xboolean"},{"key":"chartTitle","value":"","type":"xstring"},{"key":"chartSubtitle","value":"","type":"xstring"},{"key":"backgroundColor","value":"#FFFFFF","type":"xstring"},{"key":"dataAreaColor","value":"#FFFFFF","type":"xstring"},{"key":"nodeBackgroundColor","value":"#FFFFFF","type":"xstring"},{"key":"nodeStatus","type":"config","settings":[]},{"key":"expandedLevel","value":"10","type":"xint"},{"key":"nodeStatusFromView","value":"false","type":"xboolean"},{"key":"maxRows","value":"10000","type":"xint"},{"key":"enableSelection","value":"false","type":"xboolean"},{"key":"selectionColumnName","value":"Selected (Decision Tree View)","type":"xstring"},{"key":"decimals","value":"1","type":"xstring"},{"key":"mark","value":".","type":"xstring"},{"key":"thousand","type":"xstring"},{"key":"prefix","type":"xstring"},{"key":"postfix","type":"xstring"},{"key":"negative","value":"-","type":"xstring"},{"key":"negativeBefore","type":"xstring"},{"key":"negativeClasses","type":"xstring"},{"key":"encoder","type":"xstring"},{"key":"decoder","type":"xstring"},{"key":"edit","type":"xstring"},{"key":"undo","type":"xstring"},{"key":"publishSelection","value":"true","type":"xboolean"},{"key":"subscribeSelection","value":"true","type":"xboolean"},{"key":"displayFullscreenButton","value":"true","type":"xboolean"},{"key":"enableZooming","value":"true","type":"xboolean"},{"key":"displaySelectionResetButton","value":"true","type":"xboolean"},{"key":"truncationLimit","value":"25","type":"xint"},{"key":"scale","value":"1.0","type":"xdouble"},{"key":"showZoomResetButton","value":"false","type":"xboolean"},{"key":"customCSS","value":"","type":"xstring"}],"outputs":[{"index":0,"type":"flowvariable port"},{"index":1,"type":"PortType(ImagePortObjectSpec,ImagePortObject)","inactive":true},{"index":2,"type":"table","inactive":true}]},{"id":"163","name":"Decision Tree Predictor","type":"Predictor","state":"EXECUTED","graphDepth":5,"factoryKey":{"className":"org.knime.base.node.mine.decisiontree2.predictor2.DecTreePredictorNodeFactory"},"settings":[{"key":"UseGainRatio_Internals","type":"config","settings":[{"key":"SettingsModelID","value":"SMID_integer","type":"xstring"},{"key":"EnabledStatus","value":"true","type":"xboolean"}]},{"key":"UseGainRatio","value":"20000","type":"xint"},{"key":"ShowDistribution_Internals","type":"config","settings":[{"key":"SettingsModelID","value":"SMID_boolean","type":"xstring"},{"key":"EnabledStatus","value":"true","type":"xboolean"}]},{"key":"ShowDistribution","value":"false","type":"xboolean"},{"key":"prediction column name_Internals","type":"config","settings":[{"key":"SettingsModelID","value":"SMID_string","type":"xstring"},{"key":"EnabledStatus","value":"false","type":"xboolean"}]},{"key":"prediction column name","value":"Prediction (FS)","type":"xstring"},{"key":"change prediction_Internals","type":"config","settings":[{"key":"SettingsModelID","value":"SMID_boolean","type":"xstring"},{"key":"EnabledStatus","value":"true","type":"xboolean"}]},{"key":"change prediction","value":"false","type":"xboolean"},{"key":"class probability suffix_Internals","type":"config","settings":[{"key":"SettingsModelID","value":"SMID_string","type":"xstring"},{"key":"EnabledStatus","value":"false","type":"xboolean"}]},{"key":"class probability suffix","value":"","type":"xstring"}],"outputs":[{"index":0,"type":"flowvariable port"},{"index":1,"type":"table","tableSpec":{"columns":[{"name":"Altura de terraplén","type":"Number (integer)","index":0,"columnDomain":{"lowerBound":"15","upperBound":"40"},"columnProperties":[]},{"name":"Peso específico","type":"Number (double)","index":1,"columnDomain":{"lowerBound":"16.5823","upperBound":"19.3898"},"columnProperties":[]},{"name":"Cohesión","type":"Number (double)","index":2,"columnDomain":{"lowerBound":"13.8418","upperBound":"67.4528"},"columnProperties":[]},{"name":"Ángulo de fricción interna","type":"Number (double)","index":3,"columnDomain":{"lowerBound":"12.5548","upperBound":"29.4595"},"columnProperties":[]},{"name":"Velocidad","type":"Number (double)","index":4,"columnDomain":{"lowerBound":"0.1","upperBound":"0.3"},"columnProperties":[]},{"name":"Tiempo","type":"Number (integer)","index":5,"columnDomain":{"lowerBound":"0","upperBound":"350"},"columnProperties":[]},{"name":"FS","type":"String","index":6,"columnDomain":{"values":["Bin","Fallo","Estable"]},"columnProperties":[]},{"name":"Prediction (FS)","type":"String","index":7,"columnDomain":{"values":["Estable","Fallo"]},"columnProperties":[]}]},"successors":[{"id":"162","portIndex":1}]}]},{"id":"165","name":"Scorer","type":"Other","state":"EXECUTED","graphDepth":5,"factoryKey":{"className":"org.knime.base.node.mine.scorer.accuracy.AccuracyScorer2NodeFactory"},"settings":[{"key":"first","value":"FS","type":"xstring"},{"key":"second","value":"Prediction (FS)","type":"xstring"},{"key":"flowVarPrefix","type":"xstring"},{"key":"sortingReversed","value":"false","type":"xboolean"},{"key":"sortingStrategy","value":"0","type":"xint"},{"key":"ignore.missing.values","value":"true","type":"xboolean"}],"outputs":[{"index":0,"type":"flowvariable port"},{"index":1,"type":"table","tableSpec":{"columns":[{"name":"Fallo","type":"Number (integer)","index":0,"columnDomain":{"lowerBound":"0","upperBound":"721"},"columnProperties":[]},{"name":"Estable","type":"Number (integer)","index":1,"columnDomain":{"lowerBound":"0","upperBound":"16523"},"columnProperties":[]},{"name":"Bin","type":"Number (integer)","index":2,"columnDomain":{"lowerBound":"0","upperBound":"0"},"columnProperties":[]}]}},{"index":2,"type":"table","tableSpec":{"columns":[{"name":"TruePositives","type":"Number (integer)","index":0,"columnDomain":{"lowerBound":"0","upperBound":"16523"},"columnProperties":[]},{"name":"FalsePositives","type":"Number (integer)","index":1,"columnDomain":{"lowerBound":"0","upperBound":"257"},"columnProperties":[]},{"name":"TrueNegatives","type":"Number (integer)","index":2,"columnDomain":{"lowerBound":"721","upperBound":"17664"},"columnProperties":[]},{"name":"FalseNegatives","type":"Number (integer)","index":3,"columnDomain":{"lowerBound":"0","upperBound":"257"},"columnProperties":[]},{"name":"Recall","type":"Number (double)","index":4,"columnDomain":{"lowerBound":"0.7372188139059305","upperBound":"0.9902313316552799"},"columnProperties":[]},{"name":"Precision","type":"Number (double)","index":5,"columnDomain":{"lowerBound":"0.8156108597285068","upperBound":"0.984684147794994"},"columnProperties":[]},{"name":"Sensitivity","type":"Number (double)","index":6,"columnDomain":{"lowerBound":"0.7372188139059305","upperBound":"0.9902313316552799"},"columnProperties":[]},{"name":"Specificity","type":"Number (double)","index":7,"columnDomain":{"lowerBound":"0.7372188139059305","upperBound":"1.0"},"columnProperties":[]},{"name":"F-measure","type":"Number (double)","index":8,"columnDomain":{"lowerBound":"0.774436090225564","upperBound":"0.9874499492021753"},"columnProperties":[]},{"name":"Accuracy","type":"Number (double)","index":9,"columnDomain":{"lowerBound":"0.9762228260869565","upperBound":"0.9762228260869565"},"columnProperties":[]},{"name":"Cohen's kappa","type":"Number (double)","index":10,"columnDomain":{"lowerBound":"0.7619197988887746","upperBound":"0.7619197988887746"},"columnProperties":[]}]}}],"flowVariables":[{"name":"Cohen's kappa","type":"DOUBLE","value":"0.7619197988887746"},{"name":"#False","type":"INTEGER","value":"420"},{"name":"#Correct","type":"INTEGER","value":"17244"},{"name":"Error","type":"DOUBLE","value":"0.02377717391304348"},{"name":"Accuracy","type":"DOUBLE","value":"0.9762228260869565"}]},{"id":"162","name":"Scorer","type":"Other","state":"EXECUTED","graphDepth":6,"factoryKey":{"className":"org.knime.base.node.mine.scorer.accuracy.AccuracyScorer2NodeFactory"},"settings":[{"key":"first","value":"FS","type":"xstring"},{"key":"second","value":"Prediction (FS)","type":"xstring"},{"key":"flowVarPrefix","type":"xstring"},{"key":"sortingReversed","value":"false","type":"xboolean"},{"key":"sortingStrategy","value":"0","type":"xint"},{"key":"ignore.missing.values","value":"true","type":"xboolean"}],"outputs":[{"index":0,"type":"flowvariable port"},{"index":1,"type":"table","tableSpec":{"columns":[{"name":"Fallo","type":"Number (integer)","index":0,"columnDomain":{"lowerBound":"0","upperBound":"685"},"columnProperties":[]},{"name":"Estable","type":"Number (integer)","index":1,"columnDomain":{"lowerBound":"0","upperBound":"16544"},"columnProperties":[]},{"name":"Bin","type":"Number (integer)","index":2,"columnDomain":{"lowerBound":"0","upperBound":"0"},"columnProperties":[]}]}},{"index":2,"type":"table","tableSpec":{"columns":[{"name":"TruePositives","type":"Number (integer)","index":0,"columnDomain":{"lowerBound":"0","upperBound":"16544"},"columnProperties":[]},{"name":"FalsePositives","type":"Number (integer)","index":1,"columnDomain":{"lowerBound":"0","upperBound":"334"},"columnProperties":[]},{"name":"TrueNegatives","type":"Number (integer)","index":2,"columnDomain":{"lowerBound":"685","upperBound":"17664"},"columnProperties":[]},{"name":"FalseNegatives","type":"Number (integer)","index":3,"columnDomain":{"lowerBound":"0","upperBound":"334"},"columnProperties":[]},{"name":"Recall","type":"Number (double)","index":4,"columnDomain":{"lowerBound":"0.6722276741903828","upperBound":"0.9939321117452689"},"columnProperties":[]},{"name":"Precision","type":"Number (double)","index":5,"columnDomain":{"lowerBound":"0.871501272264631","upperBound":"0.9802109254651025"},"columnProperties":[]},{"name":"Sensitivity","type":"Number (double)","index":6,"columnDomain":{"lowerBound":"0.6722276741903828","upperBound":"0.9939321117452689"},"columnProperties":[]},{"name":"Specificity","type":"Number (double)","index":7,"columnDomain":{"lowerBound":"0.6722276741903828","upperBound":"1.0"},"columnProperties":[]},{"name":"F-measure","type":"Number (double)","index":8,"columnDomain":{"lowerBound":"0.7590027700831026","upperBound":"0.9870238343823643"},"columnProperties":[]},{"name":"Accuracy","type":"Number (double)","index":9,"columnDomain":{"lowerBound":"0.9753736413043478","upperBound":"0.9753736413043478"},"columnProperties":[]},{"name":"Cohen's kappa","type":"Number (double)","index":10,"columnDomain":{"lowerBound":"0.7462542664449082","upperBound":"0.7462542664449082"},"columnProperties":[]}]}}],"flowVariables":[{"name":"Cohen's kappa","type":"DOUBLE","value":"0.7462542664449082"},{"name":"#False","type":"INTEGER","value":"435"},{"name":"#Correct","type":"INTEGER","value":"17229"},{"name":"Error","type":"DOUBLE","value":"0.024626358695652172"},{"name":"Accuracy","type":"DOUBLE","value":"0.9753736413043478"}]}],"annotations":[],"name":"Rapid Drawdown (time in days)"}}