<WorkflowSummary version="1.0.0" summaryCreationDateTime="2024-11-14 18:59:00 -0800"><workflow name="Rapid Drawdown (time in days)"><nodes><node id="160" name="Excel Reader" type="Source" state="EXECUTED" graphDepth="0" annotation="Rapid Drawdown&#xd;&#xa; Time in Days"><factoryKey className="org.knime.ext.poi3.node.io.filehandling.excel.reader.ExcelTableReaderNodeFactory"/><settings><setting key="settings" type="config"><settings><setting key="sheet_selection" value="FIRST" type="xstring"/><setting key="sheet_name" value="Sheet1" type="xstring"/><setting key="sheet_index" value="0" type="xint"/><setting key="table_contains_column_names" value="true" type="xboolean"/><setting key="column_names_row_number" value="1" type="xlong"/><setting key="row_id" value="GENERATE" type="xstring"/><setting key="row_id_column" value="A" type="xstring"/><setting key="sheet_area" value="ENTIRE" type="xstring"/><setting key="read_from_column" value="A" type="xstring"/><setting key="read_to_column" value="" type="xstring"/><setting key="read_from_row" value="1" type="xstring"/><setting key="read_to_row" value="" type="xstring"/><setting key="empty_col_header_prefix" value="empty_" type="xstring"/><setting key="column_name_mode" value="EXCEL_COL_NAME" type="xstring"/><setting key="file_selection_Internals" type="config"><settings><setting key="SettingsModelID" value="SMID_ReaderFileChooser" type="xstring"/><setting key="EnabledStatus" value="true" type="xboolean"/></settings></setting><setting key="file_selection" type="config"><settings><setting key="file_system_chooser__Internals" type="config"><settings><setting key="has_fs_port" value="false" type="xboolean"/><setting key="overwritten_by_variable" value="false" type="xboolean"/><setting key="convenience_fs_category" value="LOCAL" type="xstring"/><setting key="relative_to" value="knime.workflow.data" type="xstring"/><setting key="mountpoint" value="LOCAL" type="xstring"/><setting key="spaceId" value="" type="xstring"/><setting key="spaceName" value="" type="xstring"/><setting key="custom_url_timeout" value="1000" type="xint"/><setting key="connected_fs" value="true" type="xboolean"/></settings></setting><setting key="path" type="config"><settings><setting key="location_present" value="true" type="xboolean"/><setting key="file_system_type" value="LOCAL" type="xstring"/><setting key="path" value="C:\Users\Janet\Desktop\GeoStudio\CAPITULO 3\DESEMBALSE OKOK\Con el tiempo como variable\Datos nuevos para poner el tiempo como variable (días ajustados).xlsx" type="xstring"/></settings></setting><setting key="filter_mode_Internals" type="config"><settings><setting key="SettingsModelID" value="SMID_FilterMode" type="xstring"/><setting key="EnabledStatus" value="true" type="xboolean"/></settings></setting><setting key="filter_mode" type="config"><settings><setting key="filter_mode" value="FILE" type="xstring"/><setting key="include_subfolders" value="false" type="xboolean"/><setting key="filter_options" type="config"><settings><setting key="filter_files_extension" value="false" type="xboolean"/><setting key="files_extension_expression" value="" type="xstring"/><setting key="files_extension_case_sensitive" value="false" type="xboolean"/><setting key="filter_files_name" value="false" type="xboolean"/><setting key="files_name_expression" value="*" type="xstring"/><setting key="files_name_case_sensitive" value="false" type="xboolean"/><setting key="files_name_filter_type" value="WILDCARD" type="xstring"/><setting key="include_hidden_files" value="false" type="xboolean"/><setting key="include_special_files" value="true" type="xboolean"/><setting key="filter_folders_name" value="false" type="xboolean"/><setting key="folders_name_expression" value="*" type="xstring"/><setting key="folders_name_case_sensitive" value="false" type="xboolean"/><setting key="folders_name_filter_type" value="WILDCARD" type="xstring"/><setting key="include_hidden_folders" value="false" type="xboolean"/><setting key="follow_links" value="true" type="xboolean"/></settings></setting></settings></setting></settings></setting></settings></setting><setting key="advanced_settings" type="config"><settings><setting key="fail_on_differing_specs" value="true" type="xboolean"/><setting key="append_path_column_Internals" value="false" type="xboolean"/><setting key="path_column_name_Internals" value="Path" type="xstring"/><setting key="skip_empty_cols" value="false" type="xboolean"/><setting key="skip_empty_rows" value="true" type="xboolean"/><setting key="limit_data_rows_scanned" value="true" type="xboolean"/><setting key="max_data_rows_scanned" value="10000" type="xlong"/><setting key="save_table_spec_config_Internals" value="true" type="xboolean"/><setting key="use_15_digits_precision" value="true" type="xboolean"/><setting key="skip_hidden_columns" value="true" type="xboolean"/><setting key="skip_hidden_rows" value="true" type="xboolean"/><setting key="replace_empty_strings_with_missings" value="true" type="xboolean"/><setting key="reevaluate_formulas" value="false" type="xboolean"/><setting key="formula_error_handling" value="PATTERN" type="xstring"/><setting key="formula_error_pattern" value="#XL_EVAL_ERROR#" type="xstring"/></settings></setting><setting key="encryption" type="config"><settings><setting key="password_Internals" type="config"><settings><setting key="SettingsModelID" value="SMID_authentication" type="xstring"/><setting key="EnabledStatus" value="true" type="xboolean"/></settings></setting><setting key="password" type="config"><settings><setting key="credentials" type="xstring"/><setting key="username" value="" type="xstring"/><setting key="selectedType" value="NONE" type="xstring"/></settings></setting></settings></setting></settings><outputs><output index="0" type="flowvariable port"/><output index="1" type="table"><tableSpec><columns><column name="Altura de terraplén" type="Number (integer)" index="0"><columnDomain><lowerBound>15</lowerBound><upperBound>40</upperBound></columnDomain><columnproperties/></column><column name="Ancho de corona" type="Number (integer)" index="1"><columnDomain><lowerBound>4</lowerBound><upperBound>6</upperBound></columnDomain><columnproperties/></column><column name="Peso específico" type="Number (double)" index="2"><columnDomain><lowerBound>16.5823</lowerBound><upperBound>19.3898</upperBound></columnDomain><columnproperties/></column><column name="Cohesión" type="Number (double)" index="3"><columnDomain><lowerBound>13.8418</lowerBound><upperBound>67.4528</upperBound></columnDomain><columnproperties/></column><column name="Ángulo de fricción interna" type="Number (double)" index="4"><columnDomain><lowerBound>12.5548</lowerBound><upperBound>29.4595</upperBound></columnDomain><columnproperties/></column><column name="Pemeabilidad saturada" type="Number (double)" index="5"><columnDomain><lowerBound>4.28574E-8</lowerBound><upperBound>7.74547E-6</upperBound></columnDomain><columnproperties/></column><column name="Contenido volumétrico de agua" type="Number (double)" index="6"><columnDomain><lowerBound>0.378381604073838</lowerBound><upperBound>0.553114568018197</upperBound></columnDomain><columnproperties/></column><column name="Índice de compresibilidad volumétrica" type="Number (double)" index="7"><columnDomain><lowerBound>3.99675463523619E-5</lowerBound><upperBound>1.89886998247343E-4</upperBound></columnDomain><columnproperties/></column><column name="Diámetro efectivo para el 60%" type="Number (double)" index="8"><columnDomain><lowerBound>0.0075</lowerBound><upperBound>0.25</upperBound></columnDomain><columnproperties/></column><column name="Diámetro efectivo para el 10%" type="Number (double)" index="9"><columnDomain><lowerBound>0.0025</lowerBound><upperBound>0.027</upperBound></columnDomain><columnproperties/></column><column name="Límite líquido" type="Number (double)" index="10"><columnDomain><lowerBound>33.2495</lowerBound><upperBound>72.0452</upperBound></columnDomain><columnproperties/></column><column name="Velocidad" type="Number (double)" index="11"><columnDomain><lowerBound>0.1</lowerBound><upperBound>0.3</upperBound></columnDomain><columnproperties/></column><column name="Tiempo" type="Number (integer)" index="12"><columnDomain><lowerBound>0</lowerBound><upperBound>350</upperBound></columnDomain><columnproperties/></column><column name="FS" type="Number (double)" index="13"><columnDomain><lowerBound>0.11169939</lowerBound><upperBound>5.6632962</upperBound></columnDomain><columnproperties/></column></columns></tableSpec><successors><successor id="156" portIndex="1"/></successors></output></outputs></node><node id="156" name="Numeric Binner (PMML)" type="Manipulator" state="EXECUTED" graphDepth="1"><factoryKey className="org.knime.base.node.preproc.pmml.binner.BinnerNodeFactory2"/><settings><setting key="FS" type="config"><settings><setting key="Bin_0" type="config"><settings><setting key="bin_name" value="Bin" type="xstring"/><setting key="left_open" value="true" type="xboolean"/><setting key="left_value" value="-Infinity" type="xdouble"/><setting key="right_open" value="true" type="xboolean"/><setting key="right_value" value="0.0" type="xdouble"/></settings></setting><setting key="Fallo_1" type="config"><settings><setting key="bin_name" value="Fallo" type="xstring"/><setting key="left_open" value="false" type="xboolean"/><setting key="left_value" value="0.0" type="xdouble"/><setting key="right_open" value="true" type="xboolean"/><setting key="right_value" value="1.05" type="xdouble"/></settings></setting><setting key="Estable_2" type="config"><settings><setting key="bin_name" value="Estable" type="xstring"/><setting key="left_open" value="false" type="xboolean"/><setting key="left_value" value="1.05" type="xdouble"/><setting key="right_open" value="true" type="xboolean"/><setting key="right_value" value="Infinity" type="xdouble"/></settings></setting></settings></setting><setting key="FS_is_appended" type="xstring"/><setting key="binned_columns" type="config"><settings><setting key="array-size" value="1" type="xint"/><setting key="0" value="FS" type="xstring"/></settings></setting></settings><outputs><output index="0" type="flowvariable port"/><output index="1" type="table"><tableSpec><columns><column name="Altura de terraplén" type="Number (integer)" index="0"><columnDomain><lowerBound>15</lowerBound><upperBound>40</upperBound></columnDomain><columnproperties/></column><column name="Ancho de corona" type="Number (integer)" index="1"><columnDomain><lowerBound>4</lowerBound><upperBound>6</upperBound></columnDomain><columnproperties/></column><column name="Peso específico" type="Number (double)" index="2"><columnDomain><lowerBound>16.5823</lowerBound><upperBound>19.3898</upperBound></columnDomain><columnproperties/></column><column name="Cohesión" type="Number (double)" index="3"><columnDomain><lowerBound>13.8418</lowerBound><upperBound>67.4528</upperBound></columnDomain><columnproperties/></column><column name="Ángulo de fricción interna" type="Number (double)" index="4"><columnDomain><lowerBound>12.5548</lowerBound><upperBound>29.4595</upperBound></columnDomain><columnproperties/></column><column name="Pemeabilidad saturada" type="Number (double)" index="5"><columnDomain><lowerBound>4.28574E-8</lowerBound><upperBound>7.74547E-6</upperBound></columnDomain><columnproperties/></column><column name="Contenido volumétrico de agua" type="Number (double)" index="6"><columnDomain><lowerBound>0.378381604073838</lowerBound><upperBound>0.553114568018197</upperBound></columnDomain><columnproperties/></column><column name="Índice de compresibilidad volumétrica" type="Number (double)" index="7"><columnDomain><lowerBound>3.99675463523619E-5</lowerBound><upperBound>1.89886998247343E-4</upperBound></columnDomain><columnproperties/></column><column name="Diámetro efectivo para el 60%" type="Number (double)" index="8"><columnDomain><lowerBound>0.0075</lowerBound><upperBound>0.25</upperBound></columnDomain><columnproperties/></column><column name="Diámetro efectivo para el 10%" type="Number (double)" index="9"><columnDomain><lowerBound>0.0025</lowerBound><upperBound>0.027</upperBound></columnDomain><columnproperties/></column><column name="Límite líquido" type="Number (double)" index="10"><columnDomain><lowerBound>33.2495</lowerBound><upperBound>72.0452</upperBound></columnDomain><columnproperties/></column><column name="Velocidad" type="Number (double)" index="11"><columnDomain><lowerBound>0.1</lowerBound><upperBound>0.3</upperBound></columnDomain><columnproperties/></column><column name="Tiempo" type="Number (integer)" index="12"><columnDomain><lowerBound>0</lowerBound><upperBound>350</upperBound></columnDomain><columnproperties/></column><column name="FS" type="String" index="13"><columnDomain><values><value>Bin</value><value>Fallo</value><value>Estable</value></values></columnDomain><columnproperties/></column></columns></tableSpec><successors><successor id="155" portIndex="1"/><successor id="164" portIndex="1"/></successors></output><output index="2" type="PortType(PMMLPortObjectSpec,PMMLPortObject)"/></outputs></node><node id="155" name="Partitioning" type="Manipulator" state="EXECUTED" graphDepth="2"><factoryKey className="org.knime.base.node.preproc.partition.PartitionNodeFactory"/><settings><setting key="method" value="Relative" type="xstring"/><setting key="samplingMethod" value="Random" type="xstring"/><setting key="fraction" value="0.7" type="xdouble"/><setting key="count" value="100" type="xint"/><setting key="random_seed" type="xstring"/><setting key="class_column" value="FS" type="xstring"/></settings><outputs><output index="0" type="flowvariable port"/><output index="1" type="table"><tableSpec><columns><column name="Altura de terraplén" type="Number (integer)" index="0"><columnDomain><lowerBound>15</lowerBound><upperBound>40</upperBound></columnDomain><columnproperties/></column><column name="Ancho de corona" type="Number (integer)" index="1"><columnDomain><lowerBound>4</lowerBound><upperBound>6</upperBound></columnDomain><columnproperties/></column><column name="Peso específico" type="Number (double)" index="2"><columnDomain><lowerBound>16.5823</lowerBound><upperBound>19.3898</upperBound></columnDomain><columnproperties/></column><column name="Cohesión" type="Number (double)" index="3"><columnDomain><lowerBound>13.8418</lowerBound><upperBound>67.4528</upperBound></columnDomain><columnproperties/></column><column name="Ángulo de fricción interna" type="Number (double)" index="4"><columnDomain><lowerBound>12.5548</lowerBound><upperBound>29.4595</upperBound></columnDomain><columnproperties/></column><column name="Pemeabilidad saturada" type="Number (double)" index="5"><columnDomain><lowerBound>4.28574E-8</lowerBound><upperBound>7.74547E-6</upperBound></columnDomain><columnproperties/></column><column name="Contenido volumétrico de agua" type="Number (double)" index="6"><columnDomain><lowerBound>0.378381604073838</lowerBound><upperBound>0.553114568018197</upperBound></columnDomain><columnproperties/></column><column name="Índice de compresibilidad volumétrica" type="Number (double)" index="7"><columnDomain><lowerBound>3.99675463523619E-5</lowerBound><upperBound>1.89886998247343E-4</upperBound></columnDomain><columnproperties/></column><column name="Diámetro efectivo para el 60%" type="Number (double)" index="8"><columnDomain><lowerBound>0.0075</lowerBound><upperBound>0.25</upperBound></columnDomain><columnproperties/></column><column name="Diámetro efectivo para el 10%" type="Number (double)" index="9"><columnDomain><lowerBound>0.0025</lowerBound><upperBound>0.027</upperBound></columnDomain><columnproperties/></column><column name="Límite líquido" type="Number (double)" index="10"><columnDomain><lowerBound>33.2495</lowerBound><upperBound>72.0452</upperBound></columnDomain><columnproperties/></column><column name="Velocidad" type="Number (double)" index="11"><columnDomain><lowerBound>0.1</lowerBound><upperBound>0.3</upperBound></columnDomain><columnproperties/></column><column name="Tiempo" type="Number (integer)" index="12"><columnDomain><lowerBound>0</lowerBound><upperBound>350</upperBound></columnDomain><columnproperties/></column><column name="FS" type="String" index="13"><columnDomain><values><value>Bin</value><value>Fallo</value><value>Estable</value></values></columnDomain><columnproperties/></column></columns></tableSpec><successors><successor id="158" portIndex="1"/></successors></output><output index="2" type="table"><tableSpec><columns><column name="Altura de terraplén" type="Number (integer)" index="0"><columnDomain><lowerBound>15</lowerBound><upperBound>40</upperBound></columnDomain><columnproperties/></column><column name="Ancho de corona" type="Number (integer)" index="1"><columnDomain><lowerBound>4</lowerBound><upperBound>6</upperBound></columnDomain><columnproperties/></column><column name="Peso específico" type="Number (double)" index="2"><columnDomain><lowerBound>16.5823</lowerBound><upperBound>19.3898</upperBound></columnDomain><columnproperties/></column><column name="Cohesión" type="Number (double)" index="3"><columnDomain><lowerBound>13.8418</lowerBound><upperBound>67.4528</upperBound></columnDomain><columnproperties/></column><column name="Ángulo de fricción interna" type="Number (double)" index="4"><columnDomain><lowerBound>12.5548</lowerBound><upperBound>29.4595</upperBound></columnDomain><columnproperties/></column><column name="Pemeabilidad saturada" type="Number (double)" index="5"><columnDomain><lowerBound>4.28574E-8</lowerBound><upperBound>7.74547E-6</upperBound></columnDomain><columnproperties/></column><column name="Contenido volumétrico de agua" type="Number (double)" index="6"><columnDomain><lowerBound>0.378381604073838</lowerBound><upperBound>0.553114568018197</upperBound></columnDomain><columnproperties/></column><column name="Índice de compresibilidad volumétrica" type="Number (double)" index="7"><columnDomain><lowerBound>3.99675463523619E-5</lowerBound><upperBound>1.89886998247343E-4</upperBound></columnDomain><columnproperties/></column><column name="Diámetro efectivo para el 60%" type="Number (double)" index="8"><columnDomain><lowerBound>0.0075</lowerBound><upperBound>0.25</upperBound></columnDomain><columnproperties/></column><column name="Diámetro efectivo para el 10%" type="Number (double)" index="9"><columnDomain><lowerBound>0.0025</lowerBound><upperBound>0.027</upperBound></columnDomain><columnproperties/></column><column name="Límite líquido" type="Number (double)" index="10"><columnDomain><lowerBound>33.2495</lowerBound><upperBound>72.0452</upperBound></columnDomain><columnproperties/></column><column name="Velocidad" type="Number (double)" index="11"><columnDomain><lowerBound>0.1</lowerBound><upperBound>0.3</upperBound></columnDomain><columnproperties/></column><column name="Tiempo" type="Number (integer)" index="12"><columnDomain><lowerBound>0</lowerBound><upperBound>350</upperBound></columnDomain><columnproperties/></column><column name="FS" type="String" index="13"><columnDomain><values><value>Bin</value><value>Fallo</value><value>Estable</value></values></columnDomain><columnproperties/></column></columns></tableSpec><successors><successor id="167" portIndex="2"/></successors></output></outputs></node><node id="164" name="Column Filter" type="Manipulator" state="EXECUTED" graphDepth="2"><factoryKey className="org.knime.base.node.preproc.filter.column.DataColumnSpecFilterNodeFactory"/><settings><setting key="column-filter" type="config"><settings><setting key="filter-type" value="STANDARD" type="xstring"/><setting key="included_names" type="config"><settings><setting key="array-size" value="7" type="xint"/><setting key="0" value="Altura de terraplén" type="xstring"/><setting key="1" value="Peso específico" type="xstring"/><setting key="2" value="Cohesión" type="xstring"/><setting key="3" value="Ángulo de fricción interna" type="xstring"/><setting key="4" value="Velocidad" type="xstring"/><setting key="5" value="Tiempo" type="xstring"/><setting key="6" value="FS" type="xstring"/></settings></setting><setting key="excluded_names" type="config"><settings><setting key="array-size" value="8" type="xint"/><setting key="0" value="Ancho de corona" type="xstring"/><setting key="1" value="Pemeabilidad saturada" type="xstring"/><setting key="2" value="Contenido volumétrico de agua" type="xstring"/><setting key="3" value="Índice de compresibilidad volumétrica" type="xstring"/><setting key="4" value="Diámetro efectivo para el 60%" type="xstring"/><setting key="5" value="Diámetro efectivo para el 10%" type="xstring"/><setting key="6" value="Límite líquido" type="xstring"/><setting key="7" value="Contenido Volumétrico de Agua" type="xstring"/></settings></setting><setting key="enforce_option" value="EnforceExclusion" type="xstring"/><setting key="name_pattern" type="config"><settings><setting key="pattern" value="" type="xstring"/><setting key="type" value="Wildcard" type="xstring"/><setting key="caseSensitive" value="true" type="xboolean"/><setting key="excludeMatching" value="false" type="xboolean"/></settings></setting><setting key="datatype" type="config"><settings><setting key="typelist" type="config"><settings><setting key="org.knime.core.data.IntValue" value="false" type="xboolean"/><setting key="org.knime.core.data.DoubleValue" value="false" type="xboolean"/><setting key="org.knime.core.data.StringValue" value="false" type="xboolean"/><setting key="org.knime.core.data.BooleanValue" value="false" type="xboolean"/><setting key="org.knime.core.data.LongValue" value="false" type="xboolean"/><setting key="org.knime.core.data.date.DateAndTimeValue" value="false" type="xboolean"/></settings></setting></settings></setting></settings></setting></settings><outputs><output index="0" type="flowvariable port"/><output index="1" type="table"><tableSpec><columns><column name="Altura de terraplén" type="Number (integer)" index="0"><columnDomain><lowerBound>15</lowerBound><upperBound>40</upperBound></columnDomain><columnproperties/></column><column name="Peso específico" type="Number (double)" index="1"><columnDomain><lowerBound>16.5823</lowerBound><upperBound>19.3898</upperBound></columnDomain><columnproperties/></column><column name="Cohesión" type="Number (double)" index="2"><columnDomain><lowerBound>13.8418</lowerBound><upperBound>67.4528</upperBound></columnDomain><columnproperties/></column><column name="Ángulo de fricción interna" type="Number (double)" index="3"><columnDomain><lowerBound>12.5548</lowerBound><upperBound>29.4595</upperBound></columnDomain><columnproperties/></column><column name="Velocidad" type="Number (double)" index="4"><columnDomain><lowerBound>0.1</lowerBound><upperBound>0.3</upperBound></columnDomain><columnproperties/></column><column name="Tiempo" type="Number (integer)" index="5"><columnDomain><lowerBound>0</lowerBound><upperBound>350</upperBound></columnDomain><columnproperties/></column><column name="FS" type="String" index="6"><columnDomain><values><value>Bin</value><value>Fallo</value><value>Estable</value></values></columnDomain><columnproperties/></column></columns></tableSpec><successors><successor id="166" portIndex="1"/></successors></output></outputs></node><node id="158" name="Decision Tree Learner" type="Learner" state="EXECUTED" graphDepth="3"><factoryKey className="org.knime.base.node.mine.decisiontree2.learner2.DecisionTreeLearnerNodeFactory3"/><settings><setting key="classifyColumn_Internals" type="config"><settings><setting key="SettingsModelID" value="SMID_string" type="xstring"/><setting key="EnabledStatus" value="true" type="xboolean"/></settings></setting><setting key="classifyColumn" value="FS" type="xstring"/><setting key="numverRecordsToView_Internals" type="config"><settings><setting key="SettingsModelID" value="SMID_integer" type="xstring"/><setting key="EnabledStatus" value="true" type="xboolean"/></settings></setting><setting key="numverRecordsToView" value="10000" type="xint"/><setting key="minNumberRecordsPerNode_Internals" type="config"><settings><setting key="SettingsModelID" value="SMID_integer" type="xstring"/><setting key="EnabledStatus" value="true" type="xboolean"/></settings></setting><setting key="minNumberRecordsPerNode" value="200" type="xint"/><setting key="pruningMethod_Internals" type="config"><settings><setting key="SettingsModelID" value="SMID_string" type="xstring"/><setting key="EnabledStatus" value="true" type="xboolean"/></settings></setting><setting key="pruningMethod" value="MDL" type="xstring"/><setting key="enableReducedErrorPruning_Internals" type="config"><settings><setting key="SettingsModelID" value="SMID_boolean" type="xstring"/><setting key="EnabledStatus" value="true" type="xboolean"/></settings></setting><setting key="enableReducedErrorPruning" value="true" type="xboolean"/><setting key="splitQualityMeasure_Internals" type="config"><settings><setting key="SettingsModelID" value="SMID_string" type="xstring"/><setting key="EnabledStatus" value="true" type="xboolean"/></settings></setting><setting key="splitQualityMeasure" value="Gini index" type="xstring"/><setting key="splitAverage_Internals" type="config"><settings><setting key="SettingsModelID" value="SMID_boolean" type="xstring"/><setting key="EnabledStatus" value="true" type="xboolean"/></settings></setting><setting key="splitAverage" value="true" type="xboolean"/><setting key="numProcessors_Internals" type="config"><settings><setting key="SettingsModelID" value="SMID_integer" type="xstring"/><setting key="EnabledStatus" value="true" type="xboolean"/></settings></setting><setting key="numProcessors" value="4" type="xint"/><setting key="maxNumNominalValues_Internals" type="config"><settings><setting key="SettingsModelID" value="SMID_integer" type="xstring"/><setting key="EnabledStatus" value="false" type="xboolean"/></settings></setting><setting key="maxNumNominalValues" value="10" type="xint"/><setting key="binaryNominalSplit_Internals" type="config"><settings><setting key="SettingsModelID" value="SMID_boolean" type="xstring"/><setting key="EnabledStatus" value="true" type="xboolean"/></settings></setting><setting key="binaryNominalSplit" value="false" type="xboolean"/><setting key="FilterNominalValuesFromParent_Internals" type="config"><settings><setting key="SettingsModelID" value="SMID_boolean" type="xstring"/><setting key="EnabledStatus" value="false" type="xboolean"/></settings></setting><setting key="FilterNominalValuesFromParent" value="false" type="xboolean"/><setting key="skipColumnsWithoutDomain_Internals" type="config"><settings><setting key="SettingsModelID" value="SMID_boolean" type="xstring"/><setting key="EnabledStatus" value="true" type="xboolean"/></settings></setting><setting key="skipColumnsWithoutDomain" value="true" type="xboolean"/><setting key="CFG_NOTRUECHILD_Internals" type="config"><settings><setting key="SettingsModelID" value="SMID_string" type="xstring"/><setting key="EnabledStatus" value="true" type="xboolean"/></settings></setting><setting key="CFG_NOTRUECHILD" value="returnNullPrediction" type="xstring"/><setting key="CFG_MISSINGSTRATEGY_Internals" type="config"><settings><setting key="SettingsModelID" value="SMID_string" type="xstring"/><setting key="EnabledStatus" value="true" type="xboolean"/></settings></setting><setting key="CFG_MISSINGSTRATEGY" value="lastPrediction" type="xstring"/><setting key="useFirstSplitColumn_Internals" type="config"><settings><setting key="SettingsModelID" value="SMID_boolean" type="xstring"/><setting key="EnabledStatus" value="true" type="xboolean"/></settings></setting><setting key="useFirstSplitColumn" value="false" type="xboolean"/><setting key="firstSplitColumn_Internals" type="config"><settings><setting key="SettingsModelID" value="SMID_string" type="xstring"/><setting key="EnabledStatus" value="false" type="xboolean"/></settings></setting><setting key="firstSplitColumn" value="Cohesión" type="xstring"/></settings><outputs><output index="0" type="flowvariable port"/><output index="1" type="PortType(PMMLPortObjectSpec,PMMLPortObject)"><successors><successor id="161" portIndex="1"/><successor id="167" portIndex="1"/></successors></output></outputs></node><node id="166" name="Partitioning" type="Manipulator" state="EXECUTED" graphDepth="3"><factoryKey className="org.knime.base.node.preproc.partition.PartitionNodeFactory"/><settings><setting key="method" value="Relative" type="xstring"/><setting key="samplingMethod" value="Random" type="xstring"/><setting key="fraction" value="0.7" type="xdouble"/><setting key="count" value="100" type="xint"/><setting key="random_seed" type="xstring"/><setting key="class_column" value="FS" type="xstring"/></settings><outputs><output index="0" type="flowvariable port"/><output index="1" type="table"><tableSpec><columns><column name="Altura de terraplén" type="Number (integer)" index="0"><columnDomain><lowerBound>15</lowerBound><upperBound>40</upperBound></columnDomain><columnproperties/></column><column name="Peso específico" type="Number (double)" index="1"><columnDomain><lowerBound>16.5823</lowerBound><upperBound>19.3898</upperBound></columnDomain><columnproperties/></column><column name="Cohesión" type="Number (double)" index="2"><columnDomain><lowerBound>13.8418</lowerBound><upperBound>67.4528</upperBound></columnDomain><columnproperties/></column><column name="Ángulo de fricción interna" type="Number (double)" index="3"><columnDomain><lowerBound>12.5548</lowerBound><upperBound>29.4595</upperBound></columnDomain><columnproperties/></column><column name="Velocidad" type="Number (double)" index="4"><columnDomain><lowerBound>0.1</lowerBound><upperBound>0.3</upperBound></columnDomain><columnproperties/></column><column name="Tiempo" type="Number (integer)" index="5"><columnDomain><lowerBound>0</lowerBound><upperBound>350</upperBound></columnDomain><columnproperties/></column><column name="FS" type="String" index="6"><columnDomain><values><value>Bin</value><value>Fallo</value><value>Estable</value></values></columnDomain><columnproperties/></column></columns></tableSpec><successors><successor id="157" portIndex="1"/></successors></output><output index="2" type="table"><tableSpec><columns><column name="Altura de terraplén" type="Number (integer)" index="0"><columnDomain><lowerBound>15</lowerBound><upperBound>40</upperBound></columnDomain><columnproperties/></column><column name="Peso específico" type="Number (double)" index="1"><columnDomain><lowerBound>16.5823</lowerBound><upperBound>19.3898</upperBound></columnDomain><columnproperties/></column><column name="Cohesión" type="Number (double)" index="2"><columnDomain><lowerBound>13.8418</lowerBound><upperBound>67.4528</upperBound></columnDomain><columnproperties/></column><column name="Ángulo de fricción interna" type="Number (double)" index="3"><columnDomain><lowerBound>12.5548</lowerBound><upperBound>29.4595</upperBound></columnDomain><columnproperties/></column><column name="Velocidad" type="Number (double)" index="4"><columnDomain><lowerBound>0.1</lowerBound><upperBound>0.3</upperBound></columnDomain><columnproperties/></column><column name="Tiempo" type="Number (integer)" index="5"><columnDomain><lowerBound>0</lowerBound><upperBound>350</upperBound></columnDomain><columnproperties/></column><column name="FS" type="String" index="6"><columnDomain><values><value>Bin</value><value>Fallo</value><value>Estable</value></values></columnDomain><columnproperties/></column></columns></tableSpec><successors><successor id="163" portIndex="2"/></successors></output></outputs></node><node id="157" name="Decision Tree Learner" type="Learner" state="EXECUTED" graphDepth="4"><factoryKey className="org.knime.base.node.mine.decisiontree2.learner2.DecisionTreeLearnerNodeFactory3"/><settings><setting key="classifyColumn_Internals" type="config"><settings><setting key="SettingsModelID" value="SMID_string" type="xstring"/><setting key="EnabledStatus" value="true" type="xboolean"/></settings></setting><setting key="classifyColumn" value="FS" type="xstring"/><setting key="numverRecordsToView_Internals" type="config"><settings><setting key="SettingsModelID" value="SMID_integer" type="xstring"/><setting key="EnabledStatus" value="true" type="xboolean"/></settings></setting><setting key="numverRecordsToView" value="10000" type="xint"/><setting key="minNumberRecordsPerNode_Internals" type="config"><settings><setting key="SettingsModelID" value="SMID_integer" type="xstring"/><setting key="EnabledStatus" value="true" type="xboolean"/></settings></setting><setting key="minNumberRecordsPerNode" value="200" type="xint"/><setting key="pruningMethod_Internals" type="config"><settings><setting key="SettingsModelID" value="SMID_string" type="xstring"/><setting key="EnabledStatus" value="true" type="xboolean"/></settings></setting><setting key="pruningMethod" value="MDL" type="xstring"/><setting key="enableReducedErrorPruning_Internals" type="config"><settings><setting key="SettingsModelID" value="SMID_boolean" type="xstring"/><setting key="EnabledStatus" value="true" type="xboolean"/></settings></setting><setting key="enableReducedErrorPruning" value="true" type="xboolean"/><setting key="splitQualityMeasure_Internals" type="config"><settings><setting key="SettingsModelID" value="SMID_string" type="xstring"/><setting key="EnabledStatus" value="true" type="xboolean"/></settings></setting><setting key="splitQualityMeasure" value="Gini index" type="xstring"/><setting key="splitAverage_Internals" type="config"><settings><setting key="SettingsModelID" value="SMID_boolean" type="xstring"/><setting key="EnabledStatus" value="true" type="xboolean"/></settings></setting><setting key="splitAverage" value="true" type="xboolean"/><setting key="numProcessors_Internals" type="config"><settings><setting key="SettingsModelID" value="SMID_integer" type="xstring"/><setting key="EnabledStatus" value="true" type="xboolean"/></settings></setting><setting key="numProcessors" value="4" type="xint"/><setting key="maxNumNominalValues_Internals" type="config"><settings><setting key="SettingsModelID" value="SMID_integer" type="xstring"/><setting key="EnabledStatus" value="false" type="xboolean"/></settings></setting><setting key="maxNumNominalValues" value="10" type="xint"/><setting key="binaryNominalSplit_Internals" type="config"><settings><setting key="SettingsModelID" value="SMID_boolean" type="xstring"/><setting key="EnabledStatus" value="true" type="xboolean"/></settings></setting><setting key="binaryNominalSplit" value="false" type="xboolean"/><setting key="FilterNominalValuesFromParent_Internals" type="config"><settings><setting key="SettingsModelID" value="SMID_boolean" type="xstring"/><setting key="EnabledStatus" value="false" type="xboolean"/></settings></setting><setting key="FilterNominalValuesFromParent" value="false" type="xboolean"/><setting key="skipColumnsWithoutDomain_Internals" type="config"><settings><setting key="SettingsModelID" value="SMID_boolean" type="xstring"/><setting key="EnabledStatus" value="true" type="xboolean"/></settings></setting><setting key="skipColumnsWithoutDomain" value="true" type="xboolean"/><setting key="CFG_NOTRUECHILD_Internals" type="config"><settings><setting key="SettingsModelID" value="SMID_string" type="xstring"/><setting key="EnabledStatus" value="true" type="xboolean"/></settings></setting><setting key="CFG_NOTRUECHILD" value="returnNullPrediction" type="xstring"/><setting key="CFG_MISSINGSTRATEGY_Internals" type="config"><settings><setting key="SettingsModelID" value="SMID_string" type="xstring"/><setting key="EnabledStatus" value="true" type="xboolean"/></settings></setting><setting key="CFG_MISSINGSTRATEGY" value="lastPrediction" type="xstring"/><setting key="useFirstSplitColumn_Internals" type="config"><settings><setting key="SettingsModelID" value="SMID_boolean" type="xstring"/><setting key="EnabledStatus" value="true" type="xboolean"/></settings></setting><setting key="useFirstSplitColumn" value="false" type="xboolean"/><setting key="firstSplitColumn_Internals" type="config"><settings><setting key="SettingsModelID" value="SMID_string" type="xstring"/><setting key="EnabledStatus" value="false" type="xboolean"/></settings></setting><setting key="firstSplitColumn" value="Tiempo" type="xstring"/></settings><outputs><output index="0" type="flowvariable port"/><output index="1" type="PortType(PMMLPortObjectSpec,PMMLPortObject)"><successors><successor id="159" portIndex="1"/><successor id="163" portIndex="1"/></successors></output></outputs></node><node id="161" name="Decision Tree View" type="Visualizer" state="EXECUTED" graphDepth="4"><factoryKey className="org.knime.js.base.node.viz.decisiontree.classification.DecisionTreeViewNodeFactory"/><settings><setting key="enableViewConfiguration" value="true" type="xboolean"/><setting key="generateImage" value="false" type="xboolean"/><setting key="hideInWizard" value="false" type="xboolean"/><setting key="enableTitleChange" value="true" type="xboolean"/><setting key="enableSubtitleChange" value="true" type="xboolean"/><setting key="chartTitle" value="" type="xstring"/><setting key="chartSubtitle" value="" type="xstring"/><setting key="backgroundColor" value="#FFFFFF" type="xstring"/><setting key="dataAreaColor" value="#FFFFFF" type="xstring"/><setting key="nodeBackgroundColor" value="#FFFFFF" type="xstring"/><setting key="nodeStatus" type="config"><settings/></setting><setting key="expandedLevel" value="10" type="xint"/><setting key="nodeStatusFromView" value="false" type="xboolean"/><setting key="maxRows" value="10000" type="xint"/><setting key="enableSelection" value="false" type="xboolean"/><setting key="selectionColumnName" value="Selected (Decision Tree View)" type="xstring"/><setting key="decimals" value="1" type="xstring"/><setting key="mark" value="." type="xstring"/><setting key="thousand" type="xstring"/><setting key="prefix" type="xstring"/><setting key="postfix" type="xstring"/><setting key="negative" value="-" type="xstring"/><setting key="negativeBefore" type="xstring"/><setting key="negativeClasses" type="xstring"/><setting key="encoder" type="xstring"/><setting key="decoder" type="xstring"/><setting key="edit" type="xstring"/><setting key="undo" type="xstring"/><setting key="publishSelection" value="true" type="xboolean"/><setting key="subscribeSelection" value="true" type="xboolean"/><setting key="displayFullscreenButton" value="true" type="xboolean"/><setting key="enableZooming" value="true" type="xboolean"/><setting key="displaySelectionResetButton" value="true" type="xboolean"/><setting key="truncationLimit" value="20" type="xint"/><setting key="scale" value="1.0" type="xdouble"/><setting key="showZoomResetButton" value="false" type="xboolean"/><setting key="customCSS" value="" type="xstring"/></settings><outputs><output index="0" type="flowvariable port"/><output index="1" type="PortType(ImagePortObjectSpec,ImagePortObject)" inactive="true"/><output index="2" type="table" inactive="true"/></outputs></node><node id="167" name="Decision Tree Predictor" type="Predictor" state="EXECUTED" graphDepth="4"><factoryKey className="org.knime.base.node.mine.decisiontree2.predictor2.DecTreePredictorNodeFactory"/><settings><setting key="UseGainRatio_Internals" type="config"><settings><setting key="SettingsModelID" value="SMID_integer" type="xstring"/><setting key="EnabledStatus" value="true" type="xboolean"/></settings></setting><setting key="UseGainRatio" value="20000" type="xint"/><setting key="ShowDistribution_Internals" type="config"><settings><setting key="SettingsModelID" value="SMID_boolean" type="xstring"/><setting key="EnabledStatus" value="true" type="xboolean"/></settings></setting><setting key="ShowDistribution" value="false" type="xboolean"/><setting key="prediction column name_Internals" type="config"><settings><setting key="SettingsModelID" value="SMID_string" type="xstring"/><setting key="EnabledStatus" value="false" type="xboolean"/></settings></setting><setting key="prediction column name" value="Prediction (FS)" type="xstring"/><setting key="change prediction_Internals" type="config"><settings><setting key="SettingsModelID" value="SMID_boolean" type="xstring"/><setting key="EnabledStatus" value="true" type="xboolean"/></settings></setting><setting key="change prediction" value="false" type="xboolean"/><setting key="class probability suffix_Internals" type="config"><settings><setting key="SettingsModelID" value="SMID_string" type="xstring"/><setting key="EnabledStatus" value="false" type="xboolean"/></settings></setting><setting key="class probability suffix" value="" type="xstring"/></settings><outputs><output index="0" type="flowvariable port"/><output index="1" type="table"><tableSpec><columns><column name="Altura de terraplén" type="Number (integer)" index="0"><columnDomain><lowerBound>15</lowerBound><upperBound>40</upperBound></columnDomain><columnproperties/></column><column name="Ancho de corona" type="Number (integer)" index="1"><columnDomain><lowerBound>4</lowerBound><upperBound>6</upperBound></columnDomain><columnproperties/></column><column name="Peso específico" type="Number (double)" index="2"><columnDomain><lowerBound>16.5823</lowerBound><upperBound>19.3898</upperBound></columnDomain><columnproperties/></column><column name="Cohesión" type="Number (double)" index="3"><columnDomain><lowerBound>13.8418</lowerBound><upperBound>67.4528</upperBound></columnDomain><columnproperties/></column><column name="Ángulo de fricción interna" type="Number (double)" index="4"><columnDomain><lowerBound>12.5548</lowerBound><upperBound>29.4595</upperBound></columnDomain><columnproperties/></column><column name="Pemeabilidad saturada" type="Number (double)" index="5"><columnDomain><lowerBound>4.28574E-8</lowerBound><upperBound>7.74547E-6</upperBound></columnDomain><columnproperties/></column><column name="Contenido volumétrico de agua" type="Number (double)" index="6"><columnDomain><lowerBound>0.378381604073838</lowerBound><upperBound>0.553114568018197</upperBound></columnDomain><columnproperties/></column><column name="Índice de compresibilidad volumétrica" type="Number (double)" index="7"><columnDomain><lowerBound>3.99675463523619E-5</lowerBound><upperBound>1.89886998247343E-4</upperBound></columnDomain><columnproperties/></column><column name="Diámetro efectivo para el 60%" type="Number (double)" index="8"><columnDomain><lowerBound>0.0075</lowerBound><upperBound>0.25</upperBound></columnDomain><columnproperties/></column><column name="Diámetro efectivo para el 10%" type="Number (double)" index="9"><columnDomain><lowerBound>0.0025</lowerBound><upperBound>0.027</upperBound></columnDomain><columnproperties/></column><column name="Límite líquido" type="Number (double)" index="10"><columnDomain><lowerBound>33.2495</lowerBound><upperBound>72.0452</upperBound></columnDomain><columnproperties/></column><column name="Velocidad" type="Number (double)" index="11"><columnDomain><lowerBound>0.1</lowerBound><upperBound>0.3</upperBound></columnDomain><columnproperties/></column><column name="Tiempo" type="Number (integer)" index="12"><columnDomain><lowerBound>0</lowerBound><upperBound>350</upperBound></columnDomain><columnproperties/></column><column name="FS" type="String" index="13"><columnDomain><values><value>Bin</value><value>Fallo</value><value>Estable</value></values></columnDomain><columnproperties/></column><column name="Prediction (FS)" type="String" index="14"><columnDomain><values><value>Estable</value><value>Fallo</value></values></columnDomain><columnproperties/></column></columns></tableSpec><successors><successor id="165" portIndex="1"/></successors></output></outputs></node><node id="159" name="Decision Tree View" type="Visualizer" state="EXECUTED" graphDepth="5"><factoryKey className="org.knime.js.base.node.viz.decisiontree.classification.DecisionTreeViewNodeFactory"/><settings><setting key="enableViewConfiguration" value="true" type="xboolean"/><setting key="generateImage" value="false" type="xboolean"/><setting key="hideInWizard" value="false" type="xboolean"/><setting key="enableTitleChange" value="true" type="xboolean"/><setting key="enableSubtitleChange" value="true" type="xboolean"/><setting key="chartTitle" value="" type="xstring"/><setting key="chartSubtitle" value="" type="xstring"/><setting key="backgroundColor" value="#FFFFFF" type="xstring"/><setting key="dataAreaColor" value="#FFFFFF" type="xstring"/><setting key="nodeBackgroundColor" value="#FFFFFF" type="xstring"/><setting key="nodeStatus" type="config"><settings/></setting><setting key="expandedLevel" value="10" type="xint"/><setting key="nodeStatusFromView" value="false" type="xboolean"/><setting key="maxRows" value="10000" type="xint"/><setting key="enableSelection" value="false" type="xboolean"/><setting key="selectionColumnName" value="Selected (Decision Tree View)" type="xstring"/><setting key="decimals" value="1" type="xstring"/><setting key="mark" value="." type="xstring"/><setting key="thousand" type="xstring"/><setting key="prefix" type="xstring"/><setting key="postfix" type="xstring"/><setting key="negative" value="-" type="xstring"/><setting key="negativeBefore" type="xstring"/><setting key="negativeClasses" type="xstring"/><setting key="encoder" type="xstring"/><setting key="decoder" type="xstring"/><setting key="edit" type="xstring"/><setting key="undo" type="xstring"/><setting key="publishSelection" value="true" type="xboolean"/><setting key="subscribeSelection" value="true" type="xboolean"/><setting key="displayFullscreenButton" value="true" type="xboolean"/><setting key="enableZooming" value="true" type="xboolean"/><setting key="displaySelectionResetButton" value="true" type="xboolean"/><setting key="truncationLimit" value="25" type="xint"/><setting key="scale" value="1.0" type="xdouble"/><setting key="showZoomResetButton" value="false" type="xboolean"/><setting key="customCSS" value="" type="xstring"/></settings><outputs><output index="0" type="flowvariable port"/><output index="1" type="PortType(ImagePortObjectSpec,ImagePortObject)" inactive="true"/><output index="2" type="table" inactive="true"/></outputs></node><node id="163" name="Decision Tree Predictor" type="Predictor" state="EXECUTED" graphDepth="5"><factoryKey className="org.knime.base.node.mine.decisiontree2.predictor2.DecTreePredictorNodeFactory"/><settings><setting key="UseGainRatio_Internals" type="config"><settings><setting key="SettingsModelID" value="SMID_integer" type="xstring"/><setting key="EnabledStatus" value="true" type="xboolean"/></settings></setting><setting key="UseGainRatio" value="20000" type="xint"/><setting key="ShowDistribution_Internals" type="config"><settings><setting key="SettingsModelID" value="SMID_boolean" type="xstring"/><setting key="EnabledStatus" value="true" type="xboolean"/></settings></setting><setting key="ShowDistribution" value="false" type="xboolean"/><setting key="prediction column name_Internals" type="config"><settings><setting key="SettingsModelID" value="SMID_string" type="xstring"/><setting key="EnabledStatus" value="false" type="xboolean"/></settings></setting><setting key="prediction column name" value="Prediction (FS)" type="xstring"/><setting key="change prediction_Internals" type="config"><settings><setting key="SettingsModelID" value="SMID_boolean" type="xstring"/><setting key="EnabledStatus" value="true" type="xboolean"/></settings></setting><setting key="change prediction" value="false" type="xboolean"/><setting key="class probability suffix_Internals" type="config"><settings><setting key="SettingsModelID" value="SMID_string" type="xstring"/><setting key="EnabledStatus" value="false" type="xboolean"/></settings></setting><setting key="class probability suffix" value="" type="xstring"/></settings><outputs><output index="0" type="flowvariable port"/><output index="1" type="table"><tableSpec><columns><column name="Altura de terraplén" type="Number (integer)" index="0"><columnDomain><lowerBound>15</lowerBound><upperBound>40</upperBound></columnDomain><columnproperties/></column><column name="Peso específico" type="Number (double)" index="1"><columnDomain><lowerBound>16.5823</lowerBound><upperBound>19.3898</upperBound></columnDomain><columnproperties/></column><column name="Cohesión" type="Number (double)" index="2"><columnDomain><lowerBound>13.8418</lowerBound><upperBound>67.4528</upperBound></columnDomain><columnproperties/></column><column name="Ángulo de fricción interna" type="Number (double)" index="3"><columnDomain><lowerBound>12.5548</lowerBound><upperBound>29.4595</upperBound></columnDomain><columnproperties/></column><column name="Velocidad" type="Number (double)" index="4"><columnDomain><lowerBound>0.1</lowerBound><upperBound>0.3</upperBound></columnDomain><columnproperties/></column><column name="Tiempo" type="Number (integer)" index="5"><columnDomain><lowerBound>0</lowerBound><upperBound>350</upperBound></columnDomain><columnproperties/></column><column name="FS" type="String" index="6"><columnDomain><values><value>Bin</value><value>Fallo</value><value>Estable</value></values></columnDomain><columnproperties/></column><column name="Prediction (FS)" type="String" index="7"><columnDomain><values><value>Estable</value><value>Fallo</value></values></columnDomain><columnproperties/></column></columns></tableSpec><successors><successor id="162" portIndex="1"/></successors></output></outputs></node><node id="165" name="Scorer" type="Other" state="EXECUTED" graphDepth="5"><factoryKey className="org.knime.base.node.mine.scorer.accuracy.AccuracyScorer2NodeFactory"/><settings><setting key="first" value="FS" type="xstring"/><setting key="second" value="Prediction (FS)" type="xstring"/><setting key="flowVarPrefix" type="xstring"/><setting key="sortingReversed" value="false" type="xboolean"/><setting key="sortingStrategy" value="0" type="xint"/><setting key="ignore.missing.values" value="true" type="xboolean"/></settings><outputs><output index="0" type="flowvariable port"/><output index="1" type="table"><tableSpec><columns><column name="Fallo" type="Number (integer)" index="0"><columnDomain><lowerBound>0</lowerBound><upperBound>721</upperBound></columnDomain><columnproperties/></column><column name="Estable" type="Number (integer)" index="1"><columnDomain><lowerBound>0</lowerBound><upperBound>16523</upperBound></columnDomain><columnproperties/></column><column name="Bin" type="Number (integer)" index="2"><columnDomain><lowerBound>0</lowerBound><upperBound>0</upperBound></columnDomain><columnproperties/></column></columns></tableSpec></output><output index="2" type="table"><tableSpec><columns><column name="TruePositives" type="Number (integer)" index="0"><columnDomain><lowerBound>0</lowerBound><upperBound>16523</upperBound></columnDomain><columnproperties/></column><column name="FalsePositives" type="Number (integer)" index="1"><columnDomain><lowerBound>0</lowerBound><upperBound>257</upperBound></columnDomain><columnproperties/></column><column name="TrueNegatives" type="Number (integer)" index="2"><columnDomain><lowerBound>721</lowerBound><upperBound>17664</upperBound></columnDomain><columnproperties/></column><column name="FalseNegatives" type="Number (integer)" index="3"><columnDomain><lowerBound>0</lowerBound><upperBound>257</upperBound></columnDomain><columnproperties/></column><column name="Recall" type="Number (double)" index="4"><columnDomain><lowerBound>0.7372188139059305</lowerBound><upperBound>0.9902313316552799</upperBound></columnDomain><columnproperties/></column><column name="Precision" type="Number (double)" index="5"><columnDomain><lowerBound>0.8156108597285068</lowerBound><upperBound>0.984684147794994</upperBound></columnDomain><columnproperties/></column><column name="Sensitivity" type="Number (double)" index="6"><columnDomain><lowerBound>0.7372188139059305</lowerBound><upperBound>0.9902313316552799</upperBound></columnDomain><columnproperties/></column><column name="Specificity" type="Number (double)" index="7"><columnDomain><lowerBound>0.7372188139059305</lowerBound><upperBound>1.0</upperBound></columnDomain><columnproperties/></column><column name="F-measure" type="Number (double)" index="8"><columnDomain><lowerBound>0.774436090225564</lowerBound><upperBound>0.9874499492021753</upperBound></columnDomain><columnproperties/></column><column name="Accuracy" type="Number (double)" index="9"><columnDomain><lowerBound>0.9762228260869565</lowerBound><upperBound>0.9762228260869565</upperBound></columnDomain><columnproperties/></column><column name="Cohen's kappa" type="Number (double)" index="10"><columnDomain><lowerBound>0.7619197988887746</lowerBound><upperBound>0.7619197988887746</upperBound></columnDomain><columnproperties/></column></columns></tableSpec></output></outputs><flowvariables><flowvariable name="Cohen's kappa" type="DOUBLE"><value>0.7619197988887746</value></flowvariable><flowvariable name="#False" type="INTEGER"><value>420</value></flowvariable><flowvariable name="#Correct" type="INTEGER"><value>17244</value></flowvariable><flowvariable name="Error" type="DOUBLE"><value>0.02377717391304348</value></flowvariable><flowvariable name="Accuracy" type="DOUBLE"><value>0.9762228260869565</value></flowvariable></flowvariables></node><node id="162" name="Scorer" type="Other" state="EXECUTED" graphDepth="6"><factoryKey className="org.knime.base.node.mine.scorer.accuracy.AccuracyScorer2NodeFactory"/><settings><setting key="first" value="FS" type="xstring"/><setting key="second" value="Prediction (FS)" type="xstring"/><setting key="flowVarPrefix" type="xstring"/><setting key="sortingReversed" value="false" type="xboolean"/><setting key="sortingStrategy" value="0" type="xint"/><setting key="ignore.missing.values" value="true" type="xboolean"/></settings><outputs><output index="0" type="flowvariable port"/><output index="1" type="table"><tableSpec><columns><column name="Fallo" type="Number (integer)" index="0"><columnDomain><lowerBound>0</lowerBound><upperBound>685</upperBound></columnDomain><columnproperties/></column><column name="Estable" type="Number (integer)" index="1"><columnDomain><lowerBound>0</lowerBound><upperBound>16544</upperBound></columnDomain><columnproperties/></column><column name="Bin" type="Number (integer)" index="2"><columnDomain><lowerBound>0</lowerBound><upperBound>0</upperBound></columnDomain><columnproperties/></column></columns></tableSpec></output><output index="2" type="table"><tableSpec><columns><column name="TruePositives" type="Number (integer)" index="0"><columnDomain><lowerBound>0</lowerBound><upperBound>16544</upperBound></columnDomain><columnproperties/></column><column name="FalsePositives" type="Number (integer)" index="1"><columnDomain><lowerBound>0</lowerBound><upperBound>334</upperBound></columnDomain><columnproperties/></column><column name="TrueNegatives" type="Number (integer)" index="2"><columnDomain><lowerBound>685</lowerBound><upperBound>17664</upperBound></columnDomain><columnproperties/></column><column name="FalseNegatives" type="Number (integer)" index="3"><columnDomain><lowerBound>0</lowerBound><upperBound>334</upperBound></columnDomain><columnproperties/></column><column name="Recall" type="Number (double)" index="4"><columnDomain><lowerBound>0.6722276741903828</lowerBound><upperBound>0.9939321117452689</upperBound></columnDomain><columnproperties/></column><column name="Precision" type="Number (double)" index="5"><columnDomain><lowerBound>0.871501272264631</lowerBound><upperBound>0.9802109254651025</upperBound></columnDomain><columnproperties/></column><column name="Sensitivity" type="Number (double)" index="6"><columnDomain><lowerBound>0.6722276741903828</lowerBound><upperBound>0.9939321117452689</upperBound></columnDomain><columnproperties/></column><column name="Specificity" type="Number (double)" index="7"><columnDomain><lowerBound>0.6722276741903828</lowerBound><upperBound>1.0</upperBound></columnDomain><columnproperties/></column><column name="F-measure" type="Number (double)" index="8"><columnDomain><lowerBound>0.7590027700831026</lowerBound><upperBound>0.9870238343823643</upperBound></columnDomain><columnproperties/></column><column name="Accuracy" type="Number (double)" index="9"><columnDomain><lowerBound>0.9753736413043478</lowerBound><upperBound>0.9753736413043478</upperBound></columnDomain><columnproperties/></column><column name="Cohen's kappa" type="Number (double)" index="10"><columnDomain><lowerBound>0.7462542664449082</lowerBound><upperBound>0.7462542664449082</upperBound></columnDomain><columnproperties/></column></columns></tableSpec></output></outputs><flowvariables><flowvariable name="Cohen's kappa" type="DOUBLE"><value>0.7462542664449082</value></flowvariable><flowvariable name="#False" type="INTEGER"><value>435</value></flowvariable><flowvariable name="#Correct" type="INTEGER"><value>17229</value></flowvariable><flowvariable name="Error" type="DOUBLE"><value>0.024626358695652172</value></flowvariable><flowvariable name="Accuracy" type="DOUBLE"><value>0.9753736413043478</value></flowvariable></flowvariables></node></nodes><annotations/></workflow></WorkflowSummary>